cycles,instructions,cache_misses,branch_misses,label
33146001,39169014,8500,9878,1
32962976,38777240,8452,209805,1
33038810,39112266,8361,210370,1
52471394,68750998,9202,152220,1
32867578,38673285,9129,10273,1
33161344,39301348,8243,110050,1
33069131,39063327,8070,109525,1
32960799,39048742,7910,109386,1
33015737,38924841,8147,10489,1
32813208,38708826,7536,9590,1
34840601,39003976,7903,109369,1
32884049,38791490,8029,109234,1
33222606,39299136,8310,9956,1
33170946,39301938,7628,9536,1
32827805,38706653,8710,9970,1
56618043,72652248,8957,274852,1
35014064,39113787,8783,209634,1
33155221,39287566,8464,109991,1
33180433,39245780,8299,10096,1
33222838,39351015,8643,110533,1
33116368,39146168,8080,9963,1
53204292,69649002,9683,157514,1
32840882,38702739,8493,9307,1
32839609,38728140,7788,9789,1
35009555,38685193,8465,309889,1
33227990,39349535,8205,9530,1
33029417,39069633,7528,9580,1
34899281,39227108,7712,109222,1
52447761,68633251,9929,155598,1
32836704,38688904,8059,9268,1
32862801,38785175,8885,109673,1
32868893,38777206,8403,9236,1
32836666,38687308,8021,9479,1
32767775,38644432,7798,9724,1
33175295,39264949,8037,9632,1
32896437,38770423,8944,9461,1
34891887,39085903,8469,109404,1
53890464,70714847,9440,164384,1
34952007,39101782,8589,110223,1
35286821,39272181,8851,129997,1
33109943,39029012,8996,10273,1
33138350,39217496,7832,9705,1
33107459,39122721,8521,9832,1
32971724,38953244,8284,9439,1
33422153,39103775,8625,26834,1
33013717,38959520,8536,10214,1
32774428,38623358,7855,9559,1
33125193,39186525,8058,9701,1
34834886,38916794,7978,109637,1
31245448,37786210,8602,10408,1
32908203,38938098,8019,109431,1
33217661,39183067,8723,10194,1
33270485,39357705,8225,9940,1
32929880,38822443,8854,10073,1
33079987,39154401,8450,109441,1
33088112,39163200,8023,110129,1
33159947,39143587,8736,9832,1
33136823,39142362,9052,10203,1
32966271,38938678,8407,9159,1
55711685,73499267,8743,180199,1
33075176,39038000,8541,10138,1
32919326,38852397,13685,109746,1
33179345,39284316,8648,9794,1
33019201,39014944,8334,9080,1
33172747,39197998,8726,110082,1
33049750,38996360,8723,10002,1
57059741,75599668,9523,188369,1
33185903,39221454,8199,10161,1
32853570,38672850,8309,9752,1
32912872,38756853,8430,10313,1
34849031,38914282,8216,109767,1
33072027,38770744,8247,209774,1
33025028,39003132,8313,9901,1
33080151,39096660,8715,68073,1
32901254,38762154,8227,9809,1
33091947,39098330,9079,9653,1
57876396,76904442,8818,193945,1
33083703,39131938,8308,9863,1
34763238,38712974,7897,109254,1
33385107,39039102,7907,26947,1
34771046,38670463,8151,109899,1
33177577,39194212,8018,10113,1
32835315,38657878,8879,9729,1
32878841,38711784,8077,10002,1
32985068,38916282,8166,9678,1
33037198,38999952,8310,10032,1
32851672,38656778,8803,10186,1
56789558,75297770,9067,187100,1
33189341,39222565,8715,9986,1
32838174,38738698,8123,9565,1
33119147,39204130,8104,9312,1
32918670,38814957,8175,9905,1
33235614,39357668,7922,9309,1
33037082,39078353,7935,9321,1
32824373,38673921,7972,9996,1
52088030,67957701,9191,251424,1
32848178,38737701,7878,9251,1
32971101,38779673,8745,110459,1
33155948,39187460,8027,109651,1
56383915,74689313,9172,184389,1
33228859,39233847,8444,109961,1
32802912,38634996,8006,9661,1
34846495,38769390,7977,209746,1
32906101,38719377,8440,109315,1
34995945,38971834,8554,210423,1
35028132,39278525,8199,209502,1
32941167,38853464,8494,10173,1
32780432,38647798,8039,9170,1
33084517,39091405,7913,10039,1
34811111,38731209,15465,209066,1
32954465,38888845,8189,9479,1
33038052,39055037,8092,9567,1
34757855,38689682,8053,109400,1
32811308,38731843,8375,109347,1
33153719,39189220,8562,9633,1
32833022,38823799,8156,8956,1
32903099,38830204,8178,9381,1
33187801,39236181,8999,11508,1
34790819,38762615,8690,109431,1
53987310,70941806,9372,164586,1
34886151,38928024,9292,110396,1
32883776,38750687,8832,10111,1
32908439,38845267,8648,9691,1
32953788,38919292,8157,10180,1
34803283,38764833,11745,110108,1
33180129,39392741,8217,109913,1
33103059,38686640,8048,25171,1
33120092,39160848,8249,10457,1
32815412,38784819,8636,109722,1
33087551,39149899,8482,9900,1
33005041,39005662,13404,9795,1
34839416,38862290,8932,110256,1
32941908,38936918,8837,9663,1
32957560,38885026,14593,10501,1
33073268,39231970,7943,109462,1
34840413,38952689,8301,109658,1
33025915,39078369,8181,9792,1
33104312,39128071,8483,29967,1
33152179,39087923,9412,110926,1
32996587,38964313,8576,10158,1
33218027,39383092,8386,9619,1
53641916,70446086,8989,162775,1
32913327,38978107,8719,209790,1
32979267,38913972,8473,209911,1
32908409,38726832,8547,110275,1
32968259,38967040,8994,110538,1
32788238,38689761,8230,9451,1
33070420,39103032,8578,10144,1
55876003,73870149,8982,179821,1
34801046,38738041,8795,209421,1
35136248,39070479,8611,310109,1
33223036,39312371,9089,10397,1
33226443,39292176,8894,10389,1
34882421,38840428,8714,209854,1
33388128,38691951,9137,33207,1
33106074,39231155,8284,9816,1
35186156,39081311,8134,126904,1
32868457,38868490,8273,109810,1
33118859,39333925,8248,109722,1
33220075,39320081,8660,10611,1
33099654,39177957,8714,9808,1
32868315,38891447,8677,209748,1
32969144,39059200,8224,109924,1
33029889,38995962,8638,10582,1
35038884,39263699,8244,209775,1
33074639,39166933,8183,9841,1
32793297,38686787,8646,9329,1
33101323,39116402,8524,10325,1
54772460,72360442,9313,169608,1
32840052,38753906,8445,9583,1
33116864,39237620,8300,9366,1
32787812,38669695,8518,9197,1
34478220,38873197,8726,92113,1
33089627,39184622,8170,9920,1
32957221,38946118,8343,9646,1
33181250,39268332,8782,109390,1
32906329,38745076,8968,10262,1
32867622,38731684,8704,10314,1
32763179,38703660,8643,109242,1
34908464,39270868,8244,109613,1
32845911,38758481,8482,10682,1
33252881,39290619,8723,210547,1
33239727,39366214,8932,9936,1
33187610,39257313,12478,109743,1
33160727,39293752,8224,9881,1
33135416,39165824,8911,10029,1
32944557,38929929,8536,109933,1
32844711,38799423,7978,9350,1
32771526,38778020,8059,109524,1
32995271,38998465,8216,9574,1
32865563,38791126,8303,10717,1
32846774,38797807,7926,9261,1
32914304,38906325,8406,109661,1
32962590,38951360,8434,10020,1
32817998,38681583,8617,9549,1
33185477,39366353,8707,110448,1
33148462,39332673,8531,109631,1
33144273,39188587,8845,10105,1
33012018,39087949,8517,109426,1
57071146,75571595,9088,193007,1
33180009,39380774,8809,109495,1
33169591,39295046,8534,9981,1
33005976,39004215,8194,9193,1
32998895,39040189,8072,9376,1
54922379,72466028,9316,173868,1
33052586,39155892,8515,109496,1
33103526,39146647,8393,109661,1
32947780,38851981,8566,10357,1
32813201,38674953,8515,9926,1
34874802,39017996,8611,110187,1
32927177,38880621,8394,9650,1
33169895,39341333,7910,9028,1
32891150,38817980,8746,10025,1
33176402,39265261,8555,10125,1
32868405,38736977,7919,109835,1
33229225,39351012,8654,64313,1
33097706,38832735,8688,209967,1
33012122,38983966,8618,10035,1
32834536,38765197,8054,9764,1
34858320,38935567,8614,110462,1
32989766,39014921,7858,9762,1
33136227,39141642,8881,210146,1
33176240,39279437,8694,9515,1
33046508,39080262,8371,9840,1
33011035,39011334,8496,9655,1
32859155,38767552,8182,8953,1
33037145,38934579,8714,110455,1
33009290,39021801,8313,10222,1
34687491,38955859,11071,111715,1
32931476,38747736,9090,10209,1
33056227,39009309,8944,10984,1
32889817,38800563,8396,10060,1
33004740,38955146,8710,10404,1
52842248,68905788,9349,419436,1
33089871,39245694,7912,109984,1
32902380,38682292,8200,9802,1
33115820,39179257,8303,9317,1
33135846,39216396,8163,9102,1
32902048,38697490,9116,11739,1
32791442,38640898,7919,8989,1
33202685,39310848,7899,9510,1
33056841,39116619,7946,9029,1
32974375,38847823,8481,110538,1
32744318,38616025,7680,8652,1
52932524,69306854,8974,157984,1
33106911,39108019,8650,9548,1
33340192,39398252,8828,10682,1
32909718,38868895,7948,9124,1
33013511,38987624,8431,10000,1
33353483,39360189,9147,11194,1
33057073,38979145,8502,11280,1
33093725,39049090,8748,109800,1
33151343,39334090,7993,109429,1
33080871,39272549,8487,209178,1
33171772,39179523,8369,10136,1
32970211,38832575,8529,209230,1
32859216,38707619,8212,9906,1
33010262,39016032,8603,110248,1
35170046,39099620,7955,309733,1
53272171,69696496,9106,259768,1
35302805,39310376,8956,310246,1
33165503,39293318,8043,9004,1
34921067,39089858,8358,109979,1
32883794,38783789,8373,9954,1
34852646,38812782,8454,110334,1
33090453,39169834,7904,9251,1
32901971,38722848,8609,10086,1
33223755,39304695,8037,10260,1
35030519,39120493,8625,209664,1
34377878,39035778,8594,150042,1
33176121,39289432,8578,210112,1
32945378,38864559,7871,9826,1
33153278,39304125,8554,109690,1
32967624,38891445,8632,9489,1
56317251,74653559,8499,183627,1
33085493,39089019,8042,9500,1
32931030,38881547,8139,9346,1
32960996,38825668,8598,10085,1
32960054,38884560,8465,9974,1
33202130,39260820,8289,9972,1
33020566,38952925,8486,10064,1
54982242,72447470,8936,172786,1
34987642,39087011,8266,209265,1
33196433,39236287,8423,9695,1
33007974,38964537,8053,9708,1
33248454,39147432,8993,166873,1
32808577,38668085,8161,9539,1
55982839,73971823,9338,180292,1
32931788,38798723,8371,9827,1
32947788,38891865,7964,109896,1
33146222,39228352,8068,9803,1
33155133,39148971,8410,209727,1
33286976,39389195,8892,9772,1
34798306,38664656,8863,109784,1
33140554,39204229,8241,9759,1
32877456,38819752,7441,9463,1
34911128,39036693,8327,109856,1
32915300,38714633,9823,10327,1
33146966,39204966,8333,9332,1
32903211,38937206,7778,109670,1
33344135,39320351,8545,10686,1
33261066,39331637,8651,10130,1
33152639,39216901,8230,9329,1
32981318,38937320,7862,9473,1
32972099,38925910,8010,9709,1
57281477,72615856,9644,374018,1
33273535,39357316,8439,10075,1
33135137,39192413,8273,9899,1
32933932,38864529,7884,9441,1
33101322,39235249,14653,209679,1
33076507,39065860,8293,9822,1
33176961,39295119,7832,9139,1
32788008,38652357,8428,8977,1
32949319,38821490,8764,10048,1
32978972,38991218,8702,109687,1
32969431,39020170,7937,109798,1
33088472,39112613,8324,9609,1
32859212,38788279,7485,9368,1
32926983,38824852,8133,9796,1
34970100,39111081,8687,110295,1
32851562,38740878,8353,9568,1
33180629,39318036,9168,110263,1
57250280,75809768,9469,290122,1
32906189,38838303,8295,9546,1
33230182,39207575,9238,110438,1
33030816,38981928,8279,9978,1
33259849,39355912,8958,10145,1
34897385,38913736,8507,110015,1
33154855,39184656,8645,10271,1
56187448,74266741,9049,182898,1
32822828,38714808,8273,9349,1
33091155,38961490,9391,10804,1
35055134,39138344,8417,210312,1
32944311,38841479,8397,109348,1
55602257,73214478,101012,278367,1
33156504,39319622,7410,8801,1
32930886,38796118,8818,10101,1
32798986,38690724,7825,9632,1
33106358,39176640,8452,9368,1
32864918,38678264,8870,110607,1
32837463,38657560,8643,9509,1
33072414,39273224,7649,108942,1
32968271,38905711,8124,109881,1
33015536,39003372,8407,9549,1
33240831,39302468,8374,210272,1
32883039,38783133,8140,109500,1
33153081,39279995,7980,9622,1
33213845,39256465,8885,209529,1
33088175,39103088,8050,9716,1
33056261,39100162,8610,9322,1
32925726,38850911,8085,9794,1
33084144,39083383,8572,9499,1
34880061,38775453,8510,210063,1
32919675,38765683,8424,10435,1
33019235,38992450,7850,9762,1
33010854,38954509,8371,9875,1
33042105,39033111,8337,9782,1
32808356,38659162,7963,9789,1
33156230,39290685,8055,109580,1
33116778,39116365,8326,9479,1
33095729,39168286,8174,9569,1
32931218,38883531,322722,110122,1
34892849,39055197,8207,109521,1
33141371,39233204,7800,9557,1
33202194,39314706,8434,9556,1
32929836,38869159,8386,9758,1
56612664,74883306,9143,284834,1
33321428,38669573,8039,35503,1
32916653,38840984,8623,109807,1
33344869,39372113,8951,110530,1
32805287,38653377,8081,9834,1
33124364,39195348,8065,9502,1
34804583,38712490,8305,209315,1
33186416,39252800,8717,9492,1
32870734,38712598,8521,9783,1
33250046,39312411,8442,10424,1
33103839,39146442,8285,9582,1
53650870,70361963,9429,163187,1
33266207,39362847,8452,10118,1
32934605,38856214,8113,10005,1
33253721,39365524,8203,9788,1
33074066,39118464,7851,9576,1
33256067,39327202,8398,10545,1
34907523,39109847,8207,109727,1
35028231,39338142,12243,110211,1
32773083,38639442,7591,108974,1
33189149,39323456,8863,210503,1
34880874,38970434,8397,109506,1
34071191,39123818,8829,65380,1
33282242,39323580,8314,10341,1
33086229,39141588,8145,9276,1
33193276,39349083,7640,9432,1
32926966,38866669,8113,9728,1
35078300,39385550,12392,110749,1
31740640,37942085,8489,110491,1
35013803,39112785,8690,209736,1
32955614,38916751,7988,9422,1
33061884,38966989,8204,110208,1
33580941,39268219,8577,41161,1
32811453,38718694,7664,9464,1
33159609,39192432,8143,109715,1
32823020,38654313,8452,109853,1
33233390,39345949,8344,9945,1
32885327,38837550,8568,109669,1
33301814,38673064,8226,135249,1
33068444,38980760,8991,209845,1
33212028,39343565,7880,9850,1
33137781,39196139,8085,9490,1
33220469,39293563,8270,10220,1
33208925,39225074,8118,110034,1
32899490,38848178,7828,109775,1
32791191,38636784,8152,9382,1
33103904,39173442,7549,9786,1
33140391,39254515,7865,9409,1
33087763,39038452,8788,10173,1
33044249,39095054,7859,109786,1
33148545,39180115,8907,10129,1
33243487,39229100,9194,11076,1
53660498,70330341,9560,164052,1
33112546,39074406,8300,10494,1
34867154,39001379,11402,109850,1
33276956,39361286,8293,10120,1
55758337,73537217,9341,180924,1
32792732,38647908,7687,11004,1
33044706,39036620,8369,9445,1
34914887,39258615,7629,109040,1
33168003,39208241,8740,9617,1
32932291,38805314,9035,110821,1
32999321,39011300,7893,9679,1
33155691,39262258,7943,9704,1
33143477,39245836,7292,109472,1
32895618,38827338,8186,9362,1
34982245,38950195,8439,210278,1
33230805,39336829,8359,10030,1
34766096,38716974,8319,109974,1
33223553,39286363,8297,109835,1
32905356,38777196,12209,109704,1
33043557,39019188,8562,9698,1
32988296,39074383,8069,109886,1
33215839,39322414,8878,10082,1
33173377,39222229,8697,9905,1
52445252,68691261,8906,152998,1
54546964,71978495,9250,170350,1
35114291,39387462,8114,209754,1
33029369,38999510,8311,9752,1
33087695,38984799,9149,10628,1
57253745,75802095,9984,189297,1
32944442,38926191,8379,9496,1
32947032,38945339,8027,9185,1
32897319,38712368,8536,110083,1
32843525,38755192,8862,110045,1
32819696,38791564,7926,9219,1
33043007,39065774,8606,36555,1
32830520,38674298,8654,10502,1
32849738,38780409,8065,9623,1
33038069,38987911,9022,10333,1
33167941,39346676,8312,70156,1
33121885,39196500,8312,9640,1
33136483,39134679,8483,10483,1
32960307,38942903,8273,9631,1
33137298,39203429,8572,109807,1
33002407,39042950,8053,9746,1
34761014,38764413,8425,109608,1
34981751,39132588,7936,209707,1
33192806,39263132,8998,10157,1
32802753,38689342,7752,9567,1
32982905,39019029,7865,9443,1
33182257,39244288,8668,17629,1
33037180,39076029,8401,9917,1
32928434,38886825,8092,9758,1
33116069,39248176,8417,9755,1
33075902,39122920,8304,9893,1
33143999,39160011,8842,10370,1
33176063,39333186,8199,9756,1
34894487,39069635,7918,209468,1
32794883,38670774,7777,9532,1
33157275,39232850,8262,9967,1
33007592,39065341,7922,9224,1
54571232,71847662,8589,170559,1
32951701,39016149,7847,109401,1
32854722,38745227,8374,9682,1
32829887,38720443,8365,9801,1
32971361,38917681,8624,10265,1
32861897,38696067,8922,10311,1
33139650,39192028,8458,10130,1
32884100,38835609,8530,110334,1
33338045,38956526,8160,126646,1
33305176,39376378,8926,110836,1
34872847,38941779,7908,209299,1
32888462,38983110,8099,109166,1
34774265,38803999,8350,109322,1
33185736,39284743,8357,9898,1
32887040,38777668,8872,10437,1
33251940,39342435,9275,17331,1
33110552,39138188,8687,10265,1
34908441,39100085,8520,109875,1
33065869,38976097,8602,110735,1
34963670,39028353,15540,209398,1
32812944,38697394,8371,9912,1
32799005,38651081,8207,9758,1
32941818,38787541,8928,110674,1
33125198,39217139,8323,10094,1
33181423,39182395,9333,10242,1
32930567,38844172,8367,10371,1
32873556,38765262,8468,10112,1
33087829,39154853,8120,10082,1
32873894,38731402,8983,10034,1
35013654,39200151,8902,209806,1
32953955,38749972,8315,210205,1
33140048,39251761,8346,9618,1
30738488,37476833,8262,109420,1
32836427,38677189,8430,10029,1
33015595,39089321,8604,109741,1
33098424,39131497,8309,10131,1
33238031,39394303,8185,9506,1
33152149,39211322,8113,110210,1
32820620,38742855,8668,9687,1
33051645,39140617,7599,9343,1
32849814,38794464,8177,9670,1
32910603,38897466,8203,9401,1
34828414,38985941,8641,109798,1
57128717,75684131,9749,191034,1
32960945,38970454,8736,9560,1
33073368,39161353,8185,9715,1
33137234,39258891,8447,9789,1
33256712,39322318,8836,10275,1
32891466,38796322,8289,10126,1
33198465,39332314,8676,9933,1
34892450,38924260,8590,209915,1
32893458,38787152,8460,10323,1
33209639,39330690,8529,9936,1
33501298,39268427,8486,26568,1
32930946,38882323,8369,9544,1
32863867,38792073,8086,9722,1
32930693,38901936,8923,10046,1
33005873,39002690,9107,10035,1
33040708,39036756,8794,10181,1
32956880,38879932,8729,10511,1
33023720,39063180,8054,9374,1
32924138,38868481,7984,9820,1
32850096,38696282,8697,10223,1
33003448,38986129,8427,9314,1
33078354,39163930,8752,9343,1
33694808,39303316,15210,83606,1
35015790,39251762,9442,110489,1
33414832,38983877,9132,126920,1
33095532,39094578,8537,10405,1
32963345,38955153,8107,9409,1
33039994,39046676,9007,9965,1
33086177,39124108,8148,9972,1
34847824,38978164,8582,109694,1
32934941,38914757,7835,9917,1
33033650,38969163,9135,10510,1
32949493,39049962,8164,109658,1
33003559,38802866,9195,110678,1
33081732,39054175,8459,10026,1
33380250,38772515,9629,27736,1
32919702,38850879,8511,9595,1
32992439,38945277,8365,109854,1
32882943,38700435,8763,9966,1
53713034,70624290,9081,163697,1
33228276,39350631,7903,9482,1
33126512,39185770,8473,9610,1
32847485,38746421,8011,9409,1
32948219,38892120,8115,9753,1
32885214,38665081,8380,10291,1
33090392,39028503,9297,11147,1
33210233,39315116,7903,9414,1
33193976,39376061,7967,110083,1
32973323,38892054,8052,10132,1
33086475,38785439,9279,19886,1
33194911,39187813,8855,10472,1
33061452,39029025,8981,9941,1
32972271,39017373,8115,109423,1
34949720,39255017,8571,109714,1
53634538,68136488,9257,251956,1
53300595,69874401,9241,161169,1
33229353,39371963,8598,109873,1
32875314,38694499,8455,10007,1
30737279,37482723,7916,109621,1
32964620,38909053,8111,9622,1
33177455,39281678,8061,9693,1
33204465,39288579,8334,9912,1
33202701,39253528,8150,10072,1
56168906,74046554,9207,279246,1
33178230,39181574,8572,10024,1
33225422,39286612,8302,9964,1
54579390,71704472,9011,172675,1
32935266,38787221,8485,9878,1
53345553,70075714,9606,159140,1
33206232,39351990,8909,110278,1
54655091,71965022,9318,168573,1
53760008,70641865,8760,161274,1
33088994,39123628,8330,9428,1
33098562,39135404,8087,9284,1
33238365,39293963,8662,10353,1
32932027,38776194,8948,10375,1
33245852,39370973,8293,9476,1
32881188,38673662,8693,10735,1
32867354,38785725,8262,109876,1
32834819,38709967,8116,109720,1
32943005,38798909,8440,10212,1
33056294,39016867,8298,9844,1
32891267,38805730,8203,9741,1
33059985,39047672,8350,9781,1
32977500,38935296,8182,9695,1
32968658,38951325,7824,9684,1
34901694,39087422,8472,109461,1
31320074,37816337,8177,9889,1
56788782,75218879,8889,186122,1
33108326,39123160,8835,110128,1
33302553,38827514,8798,26887,1
33163725,39059297,8858,21154,1
33213998,39266936,8657,9680,1
33050654,39054917,8416,9635,1
32867733,38828031,7924,109765,1
34920629,38848634,8539,209908,1
54522510,71673429,9320,170277,1
32903127,38711546,7900,209669,1
33010603,38924728,9025,10172,1
32956668,38957948,7988,109234,1
32969321,38867084,8947,10655,1
32798602,38696073,8408,9410,1
34891548,38975572,8316,209886,1
32870623,38831887,8564,110007,1
33180444,39317851,8683,9690,1
32932007,38809396,8334,110236,1
33166783,39284016,8136,16292,1
33089186,39260171,8484,109698,1
32827843,38717816,8602,9693,1
55595082,73551396,9867,177641,1
56892491,75273999,9569,189274,1
33052313,39101047,8203,10025,1
33141855,39239977,8231,9462,1
33019310,39072471,8369,9265,1
32849823,38758740,8492,9745,1
32862399,38759174,8112,9242,1
56782905,75261909,9579,185003,1
32928906,38818185,8959,10426,1
33049367,39090159,8721,9768,1
33067712,39086832,8513,209647,1
32936893,38815710,8770,10622,1
33087296,39105134,8667,10411,1
33182964,39340584,8420,9520,1
33133088,39180156,8264,9924,1
33089737,39256661,8111,110035,1
32970461,38970847,8322,10692,1
33255122,39382988,8625,10452,1
32770472,38638975,8430,9782,1
33075248,39068334,8584,9735,1
32929784,38791741,9121,10633,1
33021107,39083007,7937,9065,1
33172270,39309474,8220,9659,1
33304016,39392517,8821,110607,1
33212032,39372271,8243,9834,1
33184417,39322215,7899,9963,1
33234299,39377427,8683,9922,1
32824900,38677038,8580,9794,1
32916134,38910215,8684,109816,1
32825151,38672887,12729,109670,1
33136376,39312261,15487,109720,1
32858339,38784514,8149,9990,1
33475717,39109794,7958,231213,1
32762297,38676918,8119,9494,1
33126999,39298198,8672,110125,1
32812001,38720793,8119,9370,1
33043939,39052228,8807,10309,1
33003031,38968389,8545,10333,1
32945885,38918987,8185,10008,1
33274145,39245863,8422,210061,1
33017174,39058294,8147,9650,1
33088030,38879949,8825,209295,1
30883524,37596664,8637,109904,1
32932484,38901424,8527,9887,1
33154659,39217782,8491,10569,1
33039704,39112602,8307,111495,1
33272355,39368546,9087,10411,1
32890260,38945142,8166,109169,1
32786842,38680536,8076,9710,1
33143119,39198178,8765,10343,1
32895737,38714659,9387,10482,1
34918238,39184624,8438,109900,1
33010907,38854358,8441,9749,1
33094353,39096378,8298,9747,1
33308611,39373611,8512,10190,1
32929936,38804693,8506,10091,1
33040455,39184119,7704,109354,1
32870927,38779999,7981,9487,1
32957879,38783045,9073,10830,1
33309743,39359988,9668,37916,1
33071138,39227353,7791,109342,1
35135633,38986069,7589,126814,1
33003936,39115554,7944,109034,1
32870601,38748116,7960,9621,1
32944853,38845062,8273,10033,1
33146348,39225311,7972,9576,1
29122925,36809560,7551,9525,1
32886602,38888411,8178,109543,1
33207976,39273741,8296,10260,1
32925357,38951611,8340,209898,1
32884069,38799181,7953,9376,1
33095424,38946226,8763,210658,1
32919842,38765559,8392,9739,1
33039071,38942973,8048,110943,1
33233862,39239400,8903,10716,1
32915479,38737919,8754,10317,1
34897281,39036750,7931,110115,1
33286788,39344646,8680,10339,1
32913248,38797852,8220,9798,1
32890201,38723202,8074,10171,1
32865815,38749678,7938,9716,1
29609517,37046496,8204,9628,1
55598649,73517032,8778,177345,1
33062141,39030793,8417,10054,1
30288652,37355403,8329,10236,1
33214647,38671319,8549,225294,1
33074874,39047120,8456,110401,1
32771424,38622413,8099,9296,1
33205969,39315454,8425,9290,1
33115805,39162238,8961,9208,1
33057249,39125212,7987,9138,1
33086450,39144102,7677,108995,1
33277002,39347285,9104,10185,1
33159481,39223484,8454,9494,1
33285695,39384499,8430,109951,1
32989056,38896609,8385,110580,1
33160998,39278894,7600,9282,1
32853170,38701058,8494,10089,1
32933965,38909589,8147,110060,1
33502769,39143508,8473,125925,1
33026862,39001062,8253,9777,1
33256802,39261620,8605,10373,1
32981774,38863522,8207,95552,1
32874412,38723925,8644,110403,1
34924959,39239163,8090,109347,1
33194897,39221663,8846,109948,1
52059944,67980845,8865,152363,1
33178109,39269334,8316,9642,1
33107609,39082536,8826,38488,1
32934637,38811786,8475,9655,1
32866457,38710720,8521,9937,1
33057385,39165683,8577,109844,1
33161687,39215448,8177,9654,1
57112767,75711209,9255,193149,1
32869481,38755559,8338,9704,1
32876765,38659910,8534,10221,1
33227320,39295647,9007,110800,1
33234952,39263482,9138,110889,1
33255376,39144697,9466,10112,1
33555894,39177297,12905,11320,1
34351353,39775036,19770,15541,1
33113294,39271027,8565,109897,1
32994182,39013410,8076,9987,1
32990837,38926503,8475,10457,1
33010944,38971135,8501,10169,1
33087707,39163935,8046,9631,1
33096897,39261127,8476,109760,1
32842925,38691589,16071,9704,1
33415802,39064707,8340,30796,1
32956462,38900171,8653,10309,1
33144872,39230902,8412,9216,1
33268879,39337704,8896,11041,1
33067858,39188526,8433,109561,1
32977589,39002019,8273,9701,1
32877857,38775067,8662,10110,1
32897582,38872316,9247,110004,1
33052721,39117684,8187,9943,1
32901305,38779692,8845,109613,1
32997782,38991397,8103,110382,1
33232750,39345640,8809,10361,1
33221610,39370297,8346,9593,1
52606069,68882588,9525,154865,1
33074469,39099931,8122,10181,1
33388163,39292856,8611,212073,1
33274767,39393809,8639,109426,1
32939210,38765760,15410,135115,1
33041063,39016422,8296,67689,1
33077898,39176214,8676,9313,1
34934054,39016329,9126,210151,1
32900517,38945946,8244,109320,1
33106214,39260035,8383,109841,1
57150782,75824299,9280,188457,1
32926023,38930870,8616,9444,1
57014750,73403098,9290,274586,1
32953316,38943789,8451,9838,1
33108206,39236362,9181,110281,1
33012609,39073125,8343,9437,1
33013288,39002281,8948,30192,1
32893070,38818482,8281,9920,1
34884800,39108157,8797,109533,1
55595223,73387393,9698,178277,1
57288136,75982106,9123,190342,1
33182122,39180877,8306,110435,1
33062818,39076416,8436,9705,1
32923400,38887696,8738,9589,1
57846161,77073832,9547,194845,1
32970678,38953493,8462,9374,1
32961554,38975660,8384,9173,1
33009482,39030958,8482,9355,1
32747822,38615945,7855,9691,1
34929385,39083483,8325,209834,1
33440514,39139239,8873,25879,1
57868644,77029467,8997,197333,1
33068219,39108211,8443,9896,1
32797976,38690654,8475,9366,1
32881138,38853378,8573,9810,1
32852568,38704255,8482,10364,1
32942504,38811135,8755,10456,1
33076590,39142853,7933,9626,1
32929868,38930319,8249,9413,1
34915373,39050320,8827,110400,1
32960844,38933937,8041,9778,1
33078814,39174589,8415,9457,1
33278536,39305056,9292,110701,1
33134492,39222225,8533,10030,1
33155303,39221067,8642,10154,1
34884187,39084202,8853,109900,1
35006707,39010138,9097,210072,1
52428836,68704691,8975,151155,1
32903172,38916860,7758,9143,1
33011482,39062801,8680,9039,1
33118103,39229096,8127,9626,1
32859398,38714439,8645,10545,1
35105471,39056238,8636,309131,1
32856932,38756598,8549,9776,1
33154835,39293053,8614,9504,1
32922162,38816827,8579,10324,1
32980094,38999672,8200,9571,1
33195296,39328112,7888,10119,1
33060877,39081904,8344,9840,1
33101138,39216538,8070,9331,1
33329663,39019782,8274,25744,1
33201047,39325824,8289,9911,1
32986251,38955915,8749,9611,1
32944830,38948533,8050,9348,1
32918385,38973238,8426,110018,1
33189449,39355370,8142,9514,1
33111863,39212520,8181,109803,1
33103071,39132707,8303,209991,1
32827116,38747024,8022,9745,1
32920679,38927773,7824,9296,1
32857397,38833272,8146,109809,1
33104126,38732056,8387,125196,1
33344864,38758134,8274,34788,1
35097868,39349570,8307,209613,1
33078542,39118702,8934,109742,1
32872131,38674793,8313,10371,1
32934476,38852002,8530,10129,1
34954812,39373278,8592,109901,1
57463829,75903676,9538,291992,1
33107345,39161700,8404,9836,1
32900861,38785165,8295,10090,1
51959988,68027364,9567,148937,1
32880918,38828064,7686,9466,1
33032387,39095402,8222,9340,1
33430035,39205211,8351,24947,1
33255060,39287424,8884,10992,1
54091024,71090919,9385,165879,1
32848226,38740431,8478,109800,1
33131096,39258505,8259,9577,1
33114308,39135927,8552,109999,1
32933924,38873658,8113,109684,1
32846298,38767678,8410,9876,1
32938697,38888177,8559,10193,1
33206791,39315332,7901,10233,1
33178739,39213934,8691,11121,1
34976269,39349680,8585,110190,1
33133291,39247213,8254,109694,1
32985336,38932226,7892,9636,1
32830065,38730162,8072,9342,1
33123128,39146532,8372,9825,1
29299328,36898716,7797,9314,1
32815417,38645044,8674,9380,1
33235618,39287865,8367,10252,1
32800733,38680833,8477,8985,1
53313917,69959489,8369,159303,1
29965806,37197034,7985,9883,1
33249425,39323952,8070,9993,1
33181185,39175917,8867,10202,1
33272348,39301818,8763,10190,1
32970705,38705079,8629,146366,1
32946307,38843723,11286,71900,1
32924208,38880963,8200,9683,1
35255733,38927381,9084,210642,1
32915239,38791929,8226,9704,1
34979078,39056620,8905,110125,1
33144861,39219392,8050,9728,1
33057563,39136089,8260,109428,1
32941841,38886478,7501,9598,1
33034286,39031375,8450,9493,1
34944745,38950961,8130,214260,1
33123020,39116519,8570,10010,1
56622432,74952228,8859,185294,1
34985036,38972957,8553,209941,1
33719217,39411597,10109,20657,1
32913905,38925373,8136,112034,1
34315473,38778486,10075,131458,1
32922245,38673332,8705,110291,1
33073971,39075274,8299,9736,1
32910224,38679458,9101,10529,1
32971838,38930799,8053,9688,1
32937149,38861255,8797,9423,1
33269458,39307600,8392,10355,1
33454236,39378302,14991,210568,1
33131097,39137485,8689,9744,1
33180617,39182629,8414,9806,1
34892472,39104962,8644,109475,1
33245564,39075991,9550,19753,1
33098542,39047110,9116,10306,1
33148613,39110263,9187,10177,1
33097969,38981243,8822,10740,1
33193242,39196428,8889,10702,1
33169302,39270463,8055,9326,1
33192137,39251945,8665,9519,1
32964529,38858636,8284,11000,1
32897024,38794089,8308,10762,1
33272852,39346948,8741,10063,1
33045258,38987725,8291,9560,1
34990563,39080012,8353,209308,1
33159850,39213227,8401,9925,1
33103852,39159321,8050,9574,1
33686442,39509811,10394,166195,1
33108548,39142464,8067,9478,1
34920382,38914132,8196,209680,1
33031812,39035890,8356,110620,1
33157406,39192085,8551,10186,1
34925556,39144876,7890,109971,1
33109244,39071908,8666,10901,1
33125019,38994855,8495,9661,1
33649769,39021023,12568,43883,1
33111452,39070590,8533,9454,1
33369472,39045735,12247,111871,1
33089996,39090992,7818,209818,1
33441995,39276127,12526,11485,1
32953613,38812644,8237,10274,1
32993321,38952745,8572,9343,1
33001130,38979166,8337,9408,1
32874869,38833918,7876,109544,1
32868311,38736915,8524,9754,1
33081608,39042576,8718,9733,1
33143186,39124794,8372,9765,1
30981549,37662073,8424,9689,1
34188807,39718357,12440,119437,1
33217570,39225042,9169,10100,1
33063371,38943366,9065,9923,1
33151318,39230679,7973,9717,1
33618413,39466727,12119,13628,1
33121388,39090116,8580,9971,1
32959413,38842293,9188,10336,1
33488058,39239906,8660,25021,1
33243461,39272985,8539,10172,1
32773469,38645058,7671,9389,1
33073432,39110192,8129,104722,1
33019550,39018912,7727,9756,1
33151746,39052597,8284,10261,1
33528392,39127899,8378,30938,1
33419247,39413159,9942,14453,1
33036794,39040386,8206,109355,1
32939797,38844950,8076,9492,1
33017750,38877150,9013,109644,1
33166787,38936816,10907,111653,1
33002144,38799017,8425,9430,1
32949782,38861576,8914,110483,1
33031175,39111424,8037,109897,1
33085001,39084429,8369,9739,1
32997174,38955724,8495,9920,1
33028973,38974239,15494,109909,1
32880225,38764041,8431,9665,1
33265230,39298142,8632,10194,1
32900595,38799817,15291,109389,1
34998359,39128374,8251,209611,1
32888300,38764340,8457,9515,1
32893158,38711348,8345,110061,1
33140168,39134404,8575,10038,1
32965836,38919537,8289,109468,1
33023738,39004552,8303,9388,1
32927024,38835996,8305,9208,1
33055132,38924844,8768,10640,1
34844879,38998211,8146,109412,1
33053736,38998874,8456,9808,1
33109798,39280613,8116,109190,1
34836993,38729470,8478,110003,1
33112508,39117492,8211,10191,1
33047934,38960843,8544,10190,1
33150848,39253476,8112,9454,1
33125923,39084104,8646,13678,1
33128887,39226133,7971,9432,1
32947635,38914943,7859,13009,1
33271499,39364237,8067,109710,1
34982157,39305767,8274,109477,1
55354388,70838767,8427,262176,1
52988627,69488479,9415,156891,1
33238547,39287217,9285,10062,1
32903996,38740987,8554,10112,1
32853380,38666495,8737,109328,1
32829685,38758209,7809,109795,1
34889380,39096386,8456,109699,1
33211168,39248665,8861,10314,1
32895927,38789898,8408,9470,1
32911197,38842135,8275,9248,1
32828122,38668177,8103,10031,1
33054548,39035996,8049,10320,1
33003213,38972977,8555,9412,1
33280907,39298565,8650,10221,1
33148061,39129068,8457,110025,1
32943947,38797442,8552,10279,1
52864566,69191948,9765,173172,1
52320112,68249490,9472,152355,1
32954990,38811594,7731,9445,1
33220177,39291884,8597,109752,1
33244566,39291528,9040,10185,1
32916178,38723093,8340,109861,1
35119062,39398877,9133,210490,1
33254979,39353141,8168,10420,1
56760857,75268166,9120,187712,1
33194416,38736359,8718,125520,1
33076938,39044020,8206,9815,1
33069072,38992006,8119,210013,1
34884659,38981484,8657,110125,1
32918259,38684414,9203,10964,1
33002153,38928848,8505,9615,1
33193369,39249123,8407,9847,1
32942638,38878124,8033,9695,1
57714680,76527074,9233,197213,1
32969663,38906648,8710,9662,1
33194773,39209382,8497,10048,1
33122622,39158811,8486,9836,1
32818758,38664591,7989,109756,1
32855413,38649576,8246,109978,1
33089668,39086856,8422,110579,1
33290150,39354511,8562,61916,1
33216775,39318881,8254,9803,1
55346175,72948515,8853,175521,1
32966357,38898486,7993,9568,1
33051026,39079785,8240,109988,1
33294510,38833204,8961,26840,1
55649559,73398855,9089,177797,1
33129078,39059843,8669,10122,1
32864316,38754600,7991,9607,1
32856102,38680708,8855,10038,1
32778405,38635661,7853,9363,1
32854435,38775052,8238,9290,1
33081314,39123346,7582,9765,1
32984336,38874065,8281,110009,1
33102953,39104150,8336,9639,1
52398752,68538010,8578,152687,1
33021959,38892261,8783,110306,1
34874172,38830550,8638,110049,1
32778654,38629213,8288,9484,1
33302034,39396855,8306,10025,1
32950589,38870804,8117,9901,1
33188068,39188421,8344,9778,1
33355533,39341060,8215,210000,1
32777716,38659312,7687,9097,1
33054497,39002054,8391,9828,1
52083222,68116676,8872,148019,1
53653240,68130217,9198,250303,1
29884998,37172548,7693,9014,1
34721924,38674105,8434,107418,1
32913285,38871110,7617,9736,1
32971307,38921117,7822,9453,1
34831794,38911178,7980,109509,1
32817071,38676528,7989,9341,1
34975372,38980633,8311,209894,1
33063226,38906043,8390,110359,1
34855540,38733609,8542,110325,1
32940120,38894734,7798,9526,1
32973969,38921381,8113,9785,1
33110818,38795927,8362,209568,1
33029753,39035647,7989,9112,1
33162077,39180839,8042,9933,1
32819911,38679574,8559,109975,1
34937132,38998906,8342,209733,1
33074837,39062358,8259,9691,1
32994293,38849278,8382,10657,1
33275921,39316313,9270,10171,1
33032712,38976759,8654,9670,1
57211397,75748266,9084,193770,1
33057845,39057189,8283,110008,1
55592072,73480060,9289,179869,1
33100532,39296945,7640,108943,1
32854133,38706474,8311,9871,1
32914541,38748691,21150,10387,1
33068792,39110731,7735,9706,1
34925693,39135722,8394,109843,1
32999354,38855631,8961,10578,1
32930669,38871111,7738,9207,1
33066105,38996870,8873,10106,1
32901711,38774198,8398,9904,1
33046598,39066146,7609,10054,1
32902473,38748426,8708,10268,1
33107955,39093955,8778,10368,1
33250578,39276660,8497,10490,1
33103200,39081682,8421,9938,1
33151892,39166084,8648,10057,1
33020493,38931250,8364,10216,1
33187420,39331058,7855,9442,1
32857754,38667112,8449,110134,1
32848351,38757936,8310,9123,1
32808723,38712282,8058,109692,1
33232861,39215780,9160,121989,1
55891250,73790107,8892,180470,1
53678832,70533577,9223,264744,1
34032785,38729866,8672,70338,1
32990622,38904980,8550,109298,1
34987595,38883616,13726,210766,1
33146463,39192950,8470,9406,1
56363602,74538297,9014,183663,1
33085382,39110088,8115,9664,1
33080411,39018488,8680,109894,1
32921654,38797225,8536,110089,1
33117526,39102017,8233,10021,1
33158790,39155806,8875,10062,1
33007450,39006140,8635,109865,1
33013202,38974882,8314,9423,1
33248849,39374051,8279,9328,1
33033225,39056060,8118,9291,1
32881653,38788461,7950,9251,1
33206780,39291674,8824,9768,1
33191980,38741665,8097,25830,1
32959191,38879949,8077,9787,1
34823962,38939278,7741,109515,1
32998200,39028738,8609,109655,1
32978719,38887708,8657,10115,1
33057177,39097759,8136,9135,1
33354686,39002095,8161,26222,1
32842888,38729957,8035,9756,1
35191665,39067730,8413,131598,1
35231462,39121122,8498,310127,1
32824721,38748569,8447,209887,1
33031029,38981629,7929,10784,1
33073889,39240738,7424,109138,1
32951425,38715558,8712,111007,1
33445497,39077733,8441,26177,1
33129751,39057227,9311,10579,1
33166855,39171803,8528,10146,1
33028765,38836630,8504,110561,1
33161208,39236622,8233,9591,1
33248988,39370832,8320,10035,1
32844259,38640076,8412,109484,1
33096728,38987907,9740,10706,1
33223540,39333724,7833,84299,1
33107013,39085342,9283,9402,1
33188764,39196812,8799,10005,1
34897194,38762837,8796,209832,1
33079626,39010306,8289,11431,1
33120016,39025242,9079,10660,1
32856933,38743786,8481,109637,1
33046865,39093503,8451,110044,1
33245140,39252360,8502,10352,1
32845528,38715660,7973,9651,1
33001337,38861780,8577,110157,1
33053609,39011346,8271,10820,1
33013978,39034345,8390,110017,1
33136919,39170526,8298,9659,1
34935835,39042460,9258,109913,1
33535223,39318678,14773,126415,1
32884057,38767355,7738,9541,1
33020490,38943727,8186,9790,1
55543509,73247287,9439,208308,1
33190277,39242838,8097,10151,1
33211408,39237109,8636,9959,1
33038241,39151792,8183,109363,1
32940014,38832277,8330,9839,1
33059894,38994265,8486,109927,1
34890946,38775352,8367,210141,1
33153141,39090914,8412,10210,1
33112067,39078936,8358,110368,1
33886501,39514241,14084,11329,1
32963713,38875730,8377,10112,1
33224100,39355917,8732,9788,1
32848838,38817043,8262,109504,1
32871350,38733428,8442,9373,1
33029707,38953438,8203,10199,1
34911128,39071538,8716,110782,1
33135167,39132603,8705,9814,1
33150565,39221395,8941,110285,1
33372136,38966475,8369,27100,1
33173774,39246597,8495,9369,1
33059225,39035191,8336,9886,1
34818623,38858701,8352,109371,1
33195343,39240880,8232,109518,1
33341198,38970417,8471,26840,1
33140834,39190642,8084,9593,1
33075533,39134513,8397,210714,1
32780178,38692860,8046,109702,1
33136940,39170721,7823,309792,1
32839940,38702348,8300,9812,1
33271491,39393058,8057,10047,1
33102475,39205929,8010,9144,1
54076932,68860097,8890,284605,1
34869230,38749018,8719,210178,1
33227766,39045495,16103,209946,1
33051517,39017976,8847,9629,1
33201073,39251466,8478,10000,1
32969421,38802102,8133,10283,1
33109402,39167591,8212,9630,1
33061756,39003925,8422,10232,1
32969866,38897736,8628,91241,1
33251311,39354239,8728,9788,1
32952914,38839046,8529,9913,1
34954399,38873884,8435,210188,1
32902418,38817737,8145,9239,1
33151919,38937045,8175,209604,1
32984984,39001261,7875,9046,1
34855286,38914718,8291,109866,1
32933456,38883361,8079,9026,1
33081275,39102686,8082,9680,1
33131058,39231533,8416,109624,1
32845511,38670354,8190,10027,1
33169924,39279819,8163,9825,1
33059550,39110354,8389,109696,1
32805926,38689950,7767,9602,1
32968967,38861240,8176,10122,1
35029438,39068998,8612,210343,1
34877404,38964309,8345,109951,1
33032024,39078941,8380,109353,1
32788651,38628669,7959,9413,1
33155852,39252566,8535,110442,1
56109813,74215154,9585,184166,1
33169773,39112356,8737,10624,1
32944646,38759239,8277,110003,1
33356340,38679780,9031,34975,1
32870327,38706822,8353,9584,1
35070056,39104448,8824,209937,1
32982571,38872830,9229,110570,1
32992822,38851153,8560,10278,1
33183533,39108061,8349,11853,1
33205999,39214223,8100,9984,1
33010424,38929506,8083,10118,1
33157343,39202011,8521,9705,1
34838000,38853617,8219,109660,1
57215479,75799815,9847,235300,1
33127202,39087393,8861,10154,1
32942156,38856717,8320,9715,1
33030235,38928850,8773,35817,1
33015322,39037663,7759,9729,1
32957778,38707152,8240,210116,1
32884550,38748588,8180,9803,1
33124574,39171859,7765,9575,1
32860736,38666331,8756,10056,1
33058543,39089344,7997,9694,1
33200735,39311289,8397,9621,1
33542438,39386795,8073,24362,1
32861732,38684930,8291,10106,1
32880229,38770345,7771,9574,1
33033725,38942929,8981,10502,1
32971019,38913728,8166,9637,1
33205715,39325822,8076,9389,1
54220328,71233630,9391,166942,1
33224144,39318849,7878,9671,1
33142379,39209514,8024,9585,1
34958208,39257085,8490,109957,1
33119148,39179781,8202,9324,1
33010586,38977360,8466,110359,1
32791775,38668525,7948,109367,1
34784388,38783591,8050,109809,1
33168935,39239620,9177,110022,1
32793284,38631774,8009,9378,1
33065430,38877009,8920,210047,1
32890569,38785135,8142,109679,1
33026307,39007565,8243,9673,1
33003965,38968617,7965,9419,1
33212304,39261488,8128,14151,1
33116760,39181523,15662,109885,1
33229633,39357939,8668,10110,1
32842233,38749265,8505,9665,1
34963918,39222836,8627,110420,1
33205799,39286791,9103,12067,1
33119162,39119710,8999,10661,1
33167006,39330546,8773,122022,1
32891456,38794721,8648,9752,1
33016512,38932659,8474,309572,1
56115001,74060965,9478,184266,1
34913494,39222397,8196,109872,1
33177677,39218596,10058,86778,1
33014790,38999849,8800,9593,1
33247342,39346746,8268,109869,1
33073691,39261410,8045,109418,1
29984674,37277143,8857,29698,1
32939411,38946037,8075,9401,1
34835930,38883421,8283,109884,1
34754466,38768818,7885,109806,1
33001566,39002160,8252,9835,1
32877952,38817626,8398,9684,1
32847569,38778711,8114,9571,1
33222367,39330343,8813,9821,1
52980756,69419041,8948,158630,1
55806807,73830506,9246,181248,1
33346940,38660318,8724,235558,1
52010892,67982704,9700,148283,1
34841834,39084474,11371,109213,1
33193512,38732505,8401,26280,1
33022445,38699667,8051,209815,1
32952372,38965147,8624,210391,1
32955470,38886011,8286,109478,1
33076730,39084602,8236,10054,1
33473122,39281892,8491,25151,1
33070343,39163115,8243,9309,1
33075919,39138659,8338,9727,1
33172885,39323601,8348,9334,1
33166460,39281441,8415,9431,1
32998947,39040437,8155,9590,1
33154560,39253614,8711,109564,1
32975230,39021796,8285,109812,1
31172417,37777038,8396,9678,1
32862053,38735662,8308,85756,1
55892161,73841601,9584,180671,1
32965382,38735291,8757,210877,1
32806153,38691501,8316,9852,1
33056973,39146421,8357,9354,1
34889285,39094176,8550,109366,1
53525039,70304834,8542,160968,1
33108356,39179429,8511,9868,1
33040929,39090835,8337,9844,1
32956933,38853552,8752,10217,1
33214076,39376750,8191,9568,1
33015072,39164430,7963,109422,1
32881611,38834616,8354,9579,1
32937934,38908885,8567,9433,1
33247738,39397433,8749,9823,1
33108988,39120071,8743,9917,1
34854074,39135344,8516,109335,1
30799113,37606945,14389,10428,1
33171651,39227158,8255,209563,1
33235437,39340158,8500,9823,1
32970282,38936249,8275,9177,1
33105130,39080101,8731,10382,1
32961377,38971393,8334,110173,1
32873384,38832504,7872,9285,1
32796765,38666381,8046,9496,1
32865636,38710390,8673,9855,1
33554881,39262583,8680,26591,1
33045261,39023905,8767,10068,1
32838996,38708147,8214,9299,1
33124911,39109744,8316,11208,1
29882012,37190063,8231,9519,1
32860306,38699276,8091,9585,1
33051195,39044274,9318,110267,1
33262525,39300742,8943,10152,1
32966591,38866447,8500,9548,1
32868635,38788291,8135,109728,1
33098546,39051341,8326,309941,1
33252060,39339892,8571,9984,1
33469563,39324375,8686,109753,1
32902748,38848006,7673,9126,1
33014848,39085020,8414,109715,1
32897078,38771910,8264,9637,1
33163997,39256432,8287,9370,1
34952306,39021815,13264,209696,1
33192170,39303475,8875,9510,1
34942957,39054600,8821,110470,1
33239107,39288615,8556,9910,1
33258095,39184187,10017,111099,1
33194875,39259234,8703,9347,1
52767015,69048951,9767,156242,1
33261068,38948801,8499,125935,1
33426350,38909702,8427,33215,1
33430798,38921607,8229,33469,1
54770966,72186490,10204,168250,1
33132692,39156624,8699,9715,1
32954323,38890134,8525,9248,1
35207286,39128479,8405,310313,1
32938719,38894469,8906,9274,1
33096375,39173539,7811,9339,1
34845746,38787248,8666,110349,1
33124741,39121997,8376,10169,1
33238534,39340304,8246,9492,1
33310084,39126473,8723,25242,1
33110900,39110721,8262,9661,1
33393826,39020737,8596,27307,1
33123036,39311544,7506,109712,1
32903427,38771996,8515,109552,1
32911803,38830240,8058,9494,1
32982336,39012222,8718,109879,1
33149708,39128478,14066,109781,1
32930508,38877026,8006,9851,1
54334552,71428332,10269,166015,1
32910013,38833900,8582,9679,1
33398015,38758045,8385,34698,1
32985048,38973446,8353,109831,1
33004166,38936106,8244,10079,1
32920761,38800360,8687,110043,1
32819405,38765405,8196,109620,1
33019844,39017061,8346,9661,1
32987305,38936224,8600,9452,1
33174342,39268003,8522,9441,1
28539332,36561648,7710,10404,1
32976844,38863379,8321,9892,1
32904016,38778105,9235,9723,1
33113708,39130440,9014,110483,1
33213672,39213211,8972,10131,1
33113787,39136817,8211,35145,1
33000329,39137870,7996,209418,1
57637187,76499645,8979,192849,1
32785673,38657838,8279,110029,1
33087602,39060419,8624,34975,1
33208359,39045630,8896,209906,1
33248397,38801489,8285,26490,1
33153563,38729334,7733,25954,1
32910667,38839481,8029,9410,1
33512465,39231076,7983,129773,1
32797838,38784473,7749,209232,1
32839127,38698832,8989,9710,1
33121267,39166505,8276,9676,1
33344162,38757323,8247,34281,1
35064091,39244826,7993,209708,1
33099923,39165799,8044,9485,1
32944141,38789187,8734,10045,1
33229688,39303517,8087,109590,1
32796214,38630328,9037,97577,1
34764549,38771296,8228,109128,1
34847741,39071997,8163,109817,1
33075485,39056488,8291,9700,1
34909115,38868158,8212,209608,1
32893677,38791268,8566,9665,1
32918912,38774048,8386,110101,1
33168848,39192007,8705,109792,1
32854228,38718206,8761,210383,1
33153346,39054042,9163,110294,1
32926277,38884892,8011,9488,1
33046880,38940183,8982,11236,1
32974029,38953336,7977,9194,1
33028481,39041638,8597,9106,1
33384373,38885643,7945,127272,1
33028926,38931341,8887,38888,1
33138257,39047938,8824,210603,1
33083102,39062128,8223,74539,1
33092509,39051878,9322,9908,1
33235938,39363430,7973,9367,1
33276988,39377617,8682,9903,1
33085067,39105413,8211,10156,1
33074031,39059087,8513,9571,1
33015231,38976989,7985,9788,1
33138266,39213955,8384,9760,1
32971124,38881930,8389,9855,1
33298862,39367241,8354,11224,1
53425785,69828406,9375,261891,1
33132184,39130282,8482,9999,1
55817982,73754337,9808,177912,1
32893324,38695857,8691,10460,1
33182183,39197818,8586,210079,1
33113649,39204288,8726,110281,1
35106734,39334410,14331,210708,1
33112188,39072343,8919,10543,1
56620026,74924822,8819,185091,1
32980025,38873849,9089,9875,1
33051141,38923368,8379,110160,1
32893317,38676626,8501,21174,1
32900808,38845035,7910,9591,1
33198401,39300580,8033,309613,1
33094844,39120726,13268,9741,1
33187219,39279332,8393,9561,1
33191309,39209098,8513,10299,1
33059717,39083141,8453,108917,1
32812821,38639261,7853,9556,1
32956056,38800288,8682,9860,1
34830151,38945104,8109,109478,1
32982679,38988222,8459,8906,1
32816246,38682193,8010,9682,1
32880485,38752421,8198,30176,1
32842930,38677153,7989,9736,1
33116295,39105095,8618,9989,1
33179229,39253756,8060,9470,1
33188693,39234115,8229,109592,1
35053175,39379518,8671,209807,1
32903986,38782629,8079,9842,1
32941519,38715368,9138,96144,1
33246172,39319531,9369,85540,1
33115638,39142768,8237,9959,1
32940968,38882835,8294,9787,1
33185992,39250615,8631,9858,1
30122499,37257912,8304,10428,1
33083363,39127981,8141,9406,1
31552988,37933575,7994,9369,1
33067841,39057724,7998,9932,1
33234431,39348580,8227,9229,1
32918492,38811659,8262,9806,1
33112286,39165131,8747,9574,1
33139173,38865317,11165,167356,1
33137475,39160424,8202,9771,1
32943389,38852321,8149,109830,1
32747937,38651869,13748,209639,1
32832500,38667291,8179,9372,1
33009703,39028779,8263,110210,1
33600845,39245381,13673,211577,1
33183355,39072819,9116,109988,1
56591581,73317560,20309,276415,1
35352248,39404581,8792,228977,1
33057678,39053333,8164,9820,1
33285136,39322226,9174,18719,1
33147211,39117452,8530,10297,1
33275585,39373524,8407,9920,1
55707996,73522190,8805,178525,1
32848967,38731132,7873,9439,1
34889506,38860982,8548,209194,1
32848168,38663627,9169,109973,1
33447836,39139122,8140,26187,1
33079012,39032213,8378,9944,1
32950513,38794477,8295,15299,1
33004676,38870415,8819,110234,1
32875743,38765990,7757,9699,1
32884150,38713918,8482,9453,1
32918167,38835324,9200,109792,1
32778587,38623200,8210,9364,1
32886264,38808697,7830,9422,1
34796001,38730038,8386,109335,1
34970964,39287476,8459,109816,1
32902574,38859044,8440,9764,1
33190010,39380643,8665,109492,1
33009344,38963896,8587,10043,1
33022394,39038496,8556,9284,1
32839568,38690484,8318,10067,1
32944217,38937572,8684,109832,1
33122945,39198186,8833,109870,1
33127151,39212525,7883,9298,1
33201874,39348797,8093,110132,1
33034709,39052332,8068,9737,1
32999498,38984162,8465,9600,1
32981663,38972130,7790,9400,1
34561220,39100464,8383,186967,1
33077608,39174624,7803,109515,1
33073400,39095703,8325,9458,1
33072999,39092983,7907,9240,1
35015294,39373548,8752,109515,1
32994615,38936320,8619,9880,1
33063453,39110326,7756,9593,1
32908942,38749442,8825,10099,1
34971845,39091431,8010,209510,1
32828723,38731712,8210,9576,1
32853793,38717767,7716,9751,1
32888864,38756136,8146,9586,1
33157345,39227027,8237,9687,1
33166528,39180118,8785,9998,1
33086502,39196779,8129,109469,1
33125571,39224289,8467,109848,1
32956798,38684009,15739,210439,1
33030992,38971368,8130,9533,1
33292799,39383173,9179,22098,1
33207581,39201914,8378,210485,1
32900697,38781840,8501,110595,1
32894663,38843085,8767,109818,1
33033934,39054610,8461,109947,1
33185021,39222984,8600,109647,1
33054992,39040247,8033,9632,1
33325405,38785562,7876,33421,1
32804564,38659706,7736,9393,1
33316608,39367372,8710,68688,1
33095625,39132162,7960,9863,1
33118403,39042813,9107,109888,1
33189017,39304760,7993,9359,1
33082735,39072485,8394,9487,1
33290153,39369262,8723,210007,1
32800387,38661785,8729,9635,1
33204853,39354290,7877,9176,1
32811003,38665922,8073,9513,1
33177389,39236726,8692,9621,1
33140425,39194920,8236,10371,1
33223850,39343892,7880,9484,1
33189341,39336907,7817,8947,1
33068649,39083698,7856,9487,1
33079145,39138630,9076,170153,1
33060545,39234612,7899,109249,1
32956711,38928494,7666,9134,1
34847823,38927644,8862,109700,1
33154353,39332544,8334,109269,1
33144400,39255720,8330,9165,1
32792977,38672404,7816,8969,1
32830307,38666140,7792,10030,1
34787112,38874434,7860,108985,1
34929082,39249777,7865,109298,1
33098249,39189255,16245,109026,1
33088602,39054808,8693,10009,1
33123459,39150198,8225,25305,1
32804477,38756297,8256,108975,1
32855899,38666067,8142,10247,1
32926720,38757571,8560,10152,1
34883697,38837230,8253,209741,1
32955868,38813893,8428,10175,1
33070089,39108626,8447,9417,1
32892999,38718828,8481,52759,1
33124757,39147335,8300,9689,1
32990672,38797862,9318,214023,1
33229599,39346394,8121,9553,1
55189892,72949191,9351,172691,1
52784073,69122481,8822,154079,1
32907081,38742397,9028,10291,1
32910357,38834574,8580,9233,1
33281264,39395220,8562,10095,1
33122915,39099245,9199,9968,1
33089321,39188283,8182,9840,1
33146242,39296208,8922,210500,1
33190907,39366524,8309,9245,1
32963990,38902956,8434,10493,1
32957894,38847593,8361,10396,1
32950759,38842529,8750,10600,1
34823414,38909964,8237,144583,1
32929115,38909566,8635,10426,1
33179756,39255202,8568,10552,1
32948690,38888608,16885,10057,1
33134509,39150961,8706,10548,1
34949091,39260987,9025,110237,1
34948856,39148407,8684,110338,1
35060138,39219777,9070,210202,1
33174512,39293763,8987,9535,1
32989842,39033032,8082,9813,1
33251303,39393501,8976,9713,1
33072028,39116456,8085,9690,1
33554584,39247551,8501,329958,1
32829637,38724847,8436,9812,1
33136498,39153397,8551,78192,1
33056874,39009087,8791,86807,1
33195615,39334698,7771,109910,1
33125554,39109775,8451,210333,1
33022790,39010416,8219,11132,1
33233568,39352673,8510,9920,1
29830465,37170701,8213,10355,1
32817311,38747560,7726,109673,1
32915072,38805553,8006,309559,1
33144354,39211266,8461,209522,1
33195162,39277441,8547,10069,1
33053582,39095693,8741,9566,1
32781049,38658989,8238,9642,1
32955860,38914605,8034,9757,1
32878415,38866651,7771,9777,1
34898886,39170387,8038,109853,1
32990356,38912500,8508,10349,1
32927782,38910740,8025,9666,1
33149671,39340463,7753,9451,1
33138019,39174231,8765,10317,1
55848909,73737070,8642,182450,1
32755748,38667941,8469,9289,1
33225719,39349670,8361,9960,1
33186858,39291773,8196,9963,1
32806581,38722541,8574,109748,1
32907615,38822625,8475,109871,1
32989874,39033822,8008,9648,1
33024764,39097133,8327,9481,1
32912435,38748799,8156,210119,1
33037745,39130827,8388,9597,1
32997434,39027786,8108,10006,1
32950861,38914877,8691,10093,1
33111800,39109122,8976,10332,1
33098970,39102648,8680,10178,1
33040699,39103390,8040,9713,1
32854856,38747954,8406,9865,1
34939674,39360845,11098,109703,1
33235617,39393947,8810,9809,1
35245494,39359451,8116,309352,1
32883448,38741998,9147,10200,1
33030809,39058883,8999,9305,1
33489099,39211540,8472,230408,1
33104693,39072523,8560,10129,1
32784363,38653763,7915,9386,1
33280076,39333716,8868,110262,1
33301734,39381655,8480,10331,1
33196474,39322591,7827,9162,1
34951451,39235064,8388,110037,1
34974341,39336537,9009,109601,1
32821911,38686023,7919,9579,1
33396643,39027626,8355,227076,1
33193493,39333196,8050,8986,1
32894006,38818187,7999,109658,1
32778075,38634540,8401,9368,1
32873429,38705966,8539,9951,1
33261130,39383736,8920,9583,1
33129333,39173510,8540,9779,1
32899484,38818976,8382,9251,1
35087370,39336827,7790,209213,1
33439771,39044183,8678,27705,1
32830427,38686986,8021,9201,1
33213518,39329506,8170,9988,1
33138443,39208839,8204,9471,1
32921694,38899917,8598,110213,1
32914755,38765128,8679,10128,1
27398680,36046346,8067,9422,1
33136805,39177607,7874,109724,1
33233782,39333318,8328,10004,1
33544924,39215772,8317,130912,1
33063341,39051878,8261,9833,1
32938912,38735206,9263,10677,1
33232534,39332168,8195,9636,1
35011515,39399339,9065,110015,1
33259353,39364198,8068,9899,1
33151266,39259637,8229,9345,1
34993480,39058050,8431,210144,1
33249620,39352780,7930,9534,1
33128627,39098682,8170,11482,1
34843308,38680523,15674,209361,1
33132809,39212190,7610,9037,1
32860157,38747453,7896,9321,1
33153976,39107663,8521,210366,1
33171380,39277784,7614,9267,1
57472943,76149596,9128,193927,1
33071122,39018009,8660,9953,1
33172302,39299026,8447,9863,1
32937509,38929561,7647,9510,1
33462460,39010934,8959,32135,1
34842336,38860902,9136,110003,1
32884185,38693617,8385,9878,1
33222813,39359760,8415,9783,1
32872744,38664936,8526,209873,1
32976338,38981452,8059,9055,1
32760830,38641803,7991,109665,1
32869476,38710416,7891,10093,1
33062688,38807505,7945,209750,1
56120207,74353175,8620,181601,1
33266748,39341669,8648,10115,1
34860475,39027461,7604,109633,1
33197291,39315650,7990,9368,1
32857577,38722691,8011,9802,1
32854967,38689197,8193,10367,1
32991392,38953866,7845,9646,1
33071708,39053342,7999,109675,1
32979681,38796285,8556,11809,1
33102596,39176710,9086,109873,1
33232355,39202023,15593,210159,1
35019486,38974010,9031,210836,1
33236459,39291800,8977,110543,1
34949696,39109147,7976,209712,1
33031607,39056678,8590,9943,1
32772977,38670336,7527,9854,1
27451833,36085641,8118,9660,1
32952786,38731541,9019,210610,1
33126690,39294612,15547,109829,1
33028001,39059857,8022,9931,1
52784093,69265515,9369,157840,1
32918652,39026371,7883,109132,1
51969155,68058375,8445,149478,1
33262726,38679502,8250,34548,1
33136425,39271138,8898,104449,1
33605464,39367344,9779,128974,1
32879841,38783163,8218,9985,1
33044087,39078844,8560,9816,1
32920377,38891750,8164,9775,1
32887461,38778413,9215,10292,1
33046307,39002166,8476,10305,1
32844003,38713391,8628,10130,1
34867520,39061507,8716,109510,1
32835800,38782041,8250,109482,1
33000846,39002216,8502,9450,1
33002699,38989621,8265,9626,1
33046112,39056781,8569,9673,1
32808032,38677370,8416,9884,1
32788107,38671006,8683,9433,1
56322519,74264645,10078,282974,1
33440126,39299175,8372,31844,1
54502396,71904219,9526,169322,1
34780841,38672056,8472,110168,1
33011639,39143609,9019,109301,1
32855258,38753224,8428,9904,1
33016246,39032969,8673,9751,1
33133424,39215477,8541,9796,1
33175814,39296154,7899,9736,1
33052374,39170903,7605,9161,1
34917881,39327732,8290,109528,1
33087360,39223177,8501,109612,1
32918179,38838472,8695,112347,1
32917309,38793775,8639,74378,1
35504673,39102191,8977,275702,1
33019345,39002484,8340,10552,1
33288092,38918363,8634,26959,1
33086088,39107422,8463,10308,1
33108383,39214792,8246,9671,1
33110819,39148940,8485,10206,1
32908240,38816003,8525,109909,1
32883661,38865851,7645,9576,1
55425417,73212649,9891,177034,1
34859863,39064212,8504,109804,1
32955296,38905577,8206,10066,1
34861320,38969910,8776,110048,1
33101500,39162651,8509,9687,1
32999898,38974547,8855,9855,1
33095863,39160519,8340,9158,1
32808378,38660561,8646,10035,1
32843558,38663379,23336,10275,1
53593884,70312971,8930,162512,1
33155490,39270784,8588,10078,1
32888176,38707732,8386,10035,1
55110092,72708422,9055,172283,1
33009425,38747678,21786,209725,1
33115019,39252563,8133,109826,1
33015290,38878267,8531,110037,1
33101210,39097562,8054,9728,1
33215219,39193195,8294,9903,1
33015591,38856989,8392,210252,1
33071698,38951396,8652,10499,1
52681847,68862868,15273,255239,1
33067644,39067103,8248,9898,1
33052933,39046326,8387,9655,1
33190773,39383474,7964,109706,1
33223858,39262783,8359,10017,1
35236719,38976291,8786,126787,1
33092878,39126649,12927,109488,1
34989542,39060917,16026,109501,1
33188434,39272307,7852,9257,1
32928967,38724074,8545,110085,1
33270667,39346933,9202,10242,1
33133703,39146098,8066,10254,1
58262440,77282535,9220,297430,1
33171632,39233538,8429,9783,1
35152108,39371009,8269,209428,1
33262973,39238769,8809,209927,1
32962262,38848730,7868,9682,1
33166837,39209420,7900,9820,1
33150755,39212608,8102,9870,1
32961669,38902955,8276,9315,1
34876584,38977691,8077,109670,1
33168155,39281540,8078,9606,1
52947046,69518982,8265,157582,1
32765476,38704692,8177,209800,1
33229576,39289568,8492,10922,1
33001055,38882296,8547,109845,1
32926553,38800560,8658,109345,1
32850962,38706533,8672,9400,1
33286549,39381327,8881,9873,1
33116016,39173915,8177,109202,1
33318882,38770483,8260,33305,1
33109867,39028742,8667,110250,1
33062811,38988829,9010,10036,1
34850304,38696955,8181,209334,1
33317695,39338491,9156,10984,1
33003242,39070166,7666,109866,1
33005694,38979927,8181,9816,1
33094961,39157632,8258,9433,1
32980687,38918787,8190,109703,1
32978579,39016198,15124,109529,1
32886870,38725204,8177,9560,1
33223317,39269209,8161,209979,1
32830215,38698680,8202,9612,1
32967693,38837896,8609,10139,1
33141170,39136599,8433,9573,1
32946467,38834477,8077,109713,1
33292252,39384771,8646,10280,1
32802791,38674208,8132,9238,1
34902617,39050281,8980,134424,1
33166462,39163143,8654,9997,1
33172538,39170980,8832,9797,1
35162660,38662190,8553,135219,1
32808968,38669295,7977,109783,1
33321708,39378370,9163,10414,1
33144927,39216492,8452,9634,1
32952822,38819410,8090,10391,1
33175604,39227714,8561,9974,1
33034589,39088215,8184,109700,1
33088523,39125275,7991,9793,1
32925377,38758869,8262,10222,1
32945509,38915008,8422,109984,1
33178236,39065519,8750,210191,1
32908973,38758794,8610,10275,1
34798167,38705184,8037,109703,1
32973041,38777410,8928,209848,1
35020515,38831070,7834,309972,1
33035045,39070650,8991,210274,1
33268445,39356009,8281,9758,1
32938093,38782252,8436,59781,1
33219996,39317532,7833,9879,1
33008255,38902677,8656,10112,1
33247968,39258438,9189,63043,1
33130118,39174631,8561,9937,1
33037212,38981562,8360,10028,1
34718962,38621028,8355,109742,1
34994517,39093494,9207,110821,1
32793894,38628376,14940,109779,1
33151302,39255494,8438,110080,1
32917979,38794819,8694,9990,1
33114294,39162024,8584,9608,1
32918946,38785546,8551,9641,1
32998360,38835276,8649,10586,1
32905973,38695559,8643,10397,1
33104058,39131445,8914,110485,1
34978773,39257532,8258,109499,1
34890814,38875038,8953,110447,1
33189937,39300943,8001,9282,1
32899907,38880299,8403,210014,1
33037995,38868168,8386,110555,1
34896898,38979457,8401,110044,1
32948796,38968001,8031,209819,1
33134728,39166848,7790,109586,1
33304080,39390594,8388,9610,1
32919717,38769149,8356,10333,1
33017267,38979667,7739,9627,1
32973456,39007740,8113,109133,1
33169315,39128934,9453,36763,1
33195273,39274277,8234,9616,1
32928311,38799279,16679,109952,1
52953851,69360331,8773,156219,1
33134951,39199961,8292,9687,1
33031272,38947123,8786,9932,1
52245139,68239435,9048,251945,1
35006806,39006922,8569,176678,1
32909495,38834315,7903,9428,1
33020352,38995854,8337,109862,1
33153945,39244503,7993,9818,1
33273832,39373892,8236,109800,1
33019865,39047471,7919,9050,1
33217126,39292569,8340,9718,1
33111113,39181513,8197,9211,1
33252592,39346977,8345,9767,1
33221681,39293985,8601,9443,1
34899645,38696930,8878,210671,1
33084798,38717434,8225,209726,1
33060359,39012497,8219,10052,1
32795814,38674442,8300,109634,1
34950652,39293135,8040,109390,1
32938301,38838852,8213,9496,1
32869732,38712947,8339,10014,1
33100324,39041557,8788,10482,1
33114818,39077183,8759,9968,1
33178855,39203312,8480,10235,1
33286846,39376670,9092,10678,1
33173579,39200818,9155,10548,1
33054368,39128526,8417,9280,1
33218744,38786185,8590,26595,1
32899388,38830989,8560,9796,1
55279385,72817726,10091,249963,1
32921948,38872008,7966,9750,1
33198553,39353871,8782,9811,1
33011577,38975821,8913,10114,1
33199373,39321120,8053,9755,1
33175886,39307137,8530,9431,1
34938476,39280234,9091,110026,1
33074857,39131596,14170,110422,1
33147715,39136286,8889,210126,1
33084497,39170067,8434,9703,1
32923731,38916761,7896,109830,1
35248041,39336912,8543,129255,1
33171058,39172044,9397,10415,1
32984891,39029549,8138,9627,1
33172100,39394017,7938,209765,1
32907869,38744221,10964,40657,1
32811716,38764858,8472,109812,1
56425512,74762226,9118,183271,1
52593714,68967319,9836,153242,1
33195196,39263422,8552,11561,1
33043054,39140269,8686,109909,1
32915376,38996198,7910,109722,1
32798939,38699614,8883,109484,1
32819111,38674329,8897,9956,1
33233144,39327747,8603,10345,1
33360780,38959427,8779,26017,1
32896571,38832650,8708,10075,1
33140313,39274133,7976,9133,1
32785766,38756790,8270,109596,1
32844782,38730788,8168,9891,1
33131363,39200364,8974,10110,1
32970651,37742953,8007,109674,1
32783691,38630415,7538,209260,1
33291791,38658461,9048,10163,1
32852530,38774460,8378,11342,1
33052403,39033956,8450,111482,1
34826973,39070482,8111,109583,1
33270639,39296246,7963,209764,1
32877711,38826792,8117,102588,1
33153467,39259865,8292,9614,1
53842874,70661071,9417,264226,1
33065510,39197682,8229,109917,1
57357992,76120985,9674,190882,1
33090963,39041930,8905,10695,1
32895053,38802674,8432,10044,1
32844470,38801058,8048,9268,1
33139320,39284443,8003,9276,1
34895697,38942052,9065,110461,1
33258415,39300461,9175,210375,1
33030593,39126309,7908,8751,1
33030767,39035456,8551,89800,1
33031002,39114609,8619,110183,1
35059660,39379512,8641,210649,1
32837511,38803564,8047,110096,1
33154687,39307178,7862,9586,1
32831094,38732386,8831,9759,1
32888992,38845684,8781,9645,1
32768604,38670199,8429,10370,1
33251030,38873696,8313,26576,1
32858633,38798576,8870,9651,1
33115448,39196532,8603,9509,1
33070011,38996850,14777,209881,1
32979942,38912957,8532,209401,1
32766516,38671433,8327,9482,1
33022200,39011544,8648,9585,1
32923541,38882411,8216,9462,1
32972905,39010507,8151,9211,1
32892084,38793189,8837,10178,1
32771942,38758807,8398,209896,1
33078926,39190044,8514,9426,1
32963669,38939355,7934,9708,1
33182517,39249198,8924,10226,1
33059732,39066887,8957,10320,1
55209359,72854444,9264,172840,1
32874213,38758495,8497,10011,1
32850055,38735260,8380,10028,1
33127194,38799118,8729,210339,1
33047804,39125817,8389,9154,1
32960750,38922821,8094,10055,1
33095906,38745971,8512,210240,1
32894525,38797776,8364,10224,1
33079540,38814245,8947,209857,1
32826976,38701348,8222,10051,1
32961527,38896195,8402,109544,1
29036204,36804231,7914,9940,1
33022471,38899533,8856,10582,1
32978935,38976890,8695,110139,1
33204476,39305434,8850,209616,1
56220900,74257513,9658,183970,1
32965181,38846253,9658,110044,1
33023070,39080869,7938,9682,1
34735163,38667471,8437,109362,1
32844602,38816957,7997,9790,1
33129803,39245630,8393,9411,1
32969246,38958974,8739,9501,1
33014708,39088200,8656,109968,1
33149572,39244093,8517,9713,1
34826695,38735507,9005,209614,1
33211614,39203822,8662,110266,1
32913905,38871548,8049,9717,1
33101115,39195161,8515,9452,1
32871892,38762001,7874,83986,1
33075386,39134681,8309,9527,1
33207355,39321773,9092,9939,1
32877614,38741666,8259,10207,1
33224809,39350728,8813,9806,1
32794308,38653218,8308,9584,1
33025891,39017451,8572,10981,1
33348710,39035029,8529,25809,1
33208160,39313641,8708,10178,1
33054175,39118771,8226,9853,1
53850566,70870674,9365,165836,1
32914318,38764312,8614,309839,1
33032021,39074274,8132,9887,1
33231815,39347919,9000,9811,1
32915502,38823740,12400,109619,1
32994869,38960472,8407,10222,1
33065326,39120568,8380,9752,1
52069300,68059135,9073,149600,1
33083347,39106894,8523,10102,1
32920327,38782591,8568,9997,1
32874871,38798823,7956,110008,1
33167667,39316765,8350,9542,1
33222683,39298523,9143,10669,1
33010202,39028009,8368,9536,1
33218066,39348493,8266,10043,1
33193254,39297717,8254,9638,1
33144869,39168294,12251,110068,1
32947349,39010327,8526,9577,1
34761665,38652370,8362,109740,1
33014036,39026204,8922,9694,1
33262729,39395527,8568,9748,1
32994152,38973297,8324,10193,1
34990304,39099457,8417,209995,1
33141569,39267035,8299,9816,1
32764065,38652604,8086,9419,1
32969589,39009194,8315,9810,1
33218097,39257330,8967,210555,1
34924637,39297817,8315,109411,1
32929063,38822020,8806,10451,1
33014787,39200382,7682,209842,1
32880447,38838328,8303,9450,1
33072855,39187397,8044,9393,1
32936651,38896965,8285,9890,1
32980892,38997965,8365,110196,1
32784972,38699503,8466,109783,1
33227919,39327034,8716,11040,1
32875778,38763373,8087,109654,1
32828516,38661178,8408,110073,1
33082907,39259522,8346,109767,1
53125143,69737112,9131,156631,1
33014211,39000187,8480,10069,1
32871993,38762815,8462,10277,1
33036704,39009961,8429,10085,1
33084069,39151833,8175,9662,1
33125027,39221464,8389,9541,1
32905139,38895238,8184,9643,1
32818649,38674715,8373,10005,1
33178885,39214720,8575,10144,1
33069382,38969094,8607,110281,1
33055108,39046163,8696,16601,1
33070632,39140024,8230,9699,1
33058810,39014109,8879,10394,1
33494051,39150209,8409,31449,1
33157179,39264180,8003,10157,1
33220558,39316492,8725,10397,1
33037802,39041527,8874,9926,1
32855615,38802161,8382,9567,1
33081722,39029701,8892,10794,1
32755136,38663401,8001,9217,1
33099275,39179770,8211,9872,1
33064163,39201121,7705,9064,1
32967546,38916632,8897,10064,1
32936239,38945268,8407,9377,1
33102948,39201918,8110,9905,1
32888113,38815464,9253,110275,1
32855894,38728455,8848,10237,1
35054604,39282326,8415,209476,1
32980547,39008797,7790,9742,1
53530310,70521497,8901,161687,1
34829532,38951491,8313,110035,1
33023857,38989526,8531,10291,1
32892159,38860549,8101,9564,1
33061223,39207257,15442,109496,1
33005207,39025783,8311,9800,1
33081067,39086886,8192,11365,1
33098321,39175038,8166,93192,1
32860742,38773389,8516,110084,1
30152249,37186223,8963,110731,1
32990390,38916314,8547,9517,1
33210690,39381384,8515,9871,1
32860217,38692505,9049,10624,1
33204060,39275666,8738,210059,1
33222357,39298330,8664,10114,1
58147880,77215627,9462,201415,1
32954997,38891134,8346,10139,1
33243422,39291014,8530,10190,1
33004469,38848883,8585,110414,1
32894729,38772123,8289,109621,1
33074541,39178279,8442,9259,1
32919802,38881591,8141,110123,1
33116543,39226513,7895,9525,1
33148857,39192631,8350,10816,1
34927748,38970358,8646,209815,1
34846529,38873333,8020,209199,1
33191909,38967099,8188,210104,1
32861437,38756114,8561,9766,1
33037966,38966745,9036,10485,1
33014488,39153862,8113,109393,1
32892274,38883092,8269,109810,1
33184933,39155926,8956,11390,1
32854597,38836188,8345,109803,1
32975695,38952894,8811,9833,1
32972454,38946620,8082,10036,1
33124787,39207036,8190,110338,1
33092782,38933807,10234,14635,1
33971761,39626177,12396,15056,1
33140866,39228736,8329,10268,1
33304658,39220800,10795,12335,1
32956358,38897984,8703,10050,1
33106698,39121253,8769,10119,1
33045289,39059023,8686,9576,1
33193223,39402534,8623,109967,1
55945922,73832436,9249,281757,1
34886345,38888695,8124,209496,1
33155300,39312399,8371,9523,1
54216110,71259812,9220,170618,1
32833073,38692025,8462,32830,1
32866758,38816329,7966,9582,1
32824204,38723291,8013,9529,1
33308835,38875274,8152,133150,1
33144141,39279500,8679,110437,1
32836190,38706923,8465,10000,1
32835332,38694944,8330,9773,1
32814872,38741641,8250,9388,1
33108007,39145725,8685,10144,1
33245033,39377256,8518,10271,1
33030224,38892134,8783,110407,1
33579363,37890079,8065,209496,1
32844185,38663197,7991,109124,1
33593640,39473697,11668,11939,1
33351897,39022775,9601,12134,1
33234090,39141437,8316,9772,1
35015037,39320933,11403,109967,1
33243220,39241586,8354,9789,1
33327490,39398454,8901,135971,1
33240274,39124669,8707,10844,1
33023852,38872984,8064,10056,1
33229957,39148159,8852,10423,1
32991075,38863464,8049,9466,1
33129425,39039793,8392,10352,1
52491023,68617677,8766,151214,1
55889592,73690322,8884,179925,1
32916508,38649702,8632,10669,1
33054531,38909371,8224,110197,1
33146675,39164783,7960,9467,1
32861375,38702199,7959,9532,1
32895459,38757094,8171,9336,1
33153497,39088493,8562,10858,1
33101676,38977575,8408,10209,1
34904721,38777594,8684,110799,1
33522933,39304684,7906,24754,1
32864243,38782790,8060,109472,1
34894034,39047066,8054,109522,1
33272321,39263266,8199,10316,1
35071681,39079751,8368,210036,1
33063383,38928105,8295,9648,1
33025131,38949881,8149,9263,1
33162967,39193448,7574,9716,1
33170658,39169345,7916,9140,1
55162564,72679720,9021,172879,1
33246673,39330325,8363,9177,1
32856174,38669466,8513,9290,1
33189906,39259661,7976,9304,1
33251787,39356539,8813,9697,1
33086992,38876409,8513,210319,1
33065937,38931620,8540,10344,1
33158498,39259034,8324,109611,1
32960251,38772314,8073,10120,1
32867627,38716349,7878,9570,1
33246594,39264049,8154,9993,1
29690732,37079228,8499,9929,1
32968830,38835595,7730,9864,1
34847208,38763906,8388,109325,1
32938745,38774299,8503,9522,1
33051755,38966616,8078,10257,1
33116529,39097662,8428,9742,1
33290319,39333060,8494,10167,1
32889969,38735144,8008,9813,1
33031078,38877436,7829,109824,1
53159603,69497848,8495,257381,1
32897464,38677806,8284,9991,1
52348430,68129991,9618,350679,1
32886405,38682307,8024,9777,1
32850958,38659684,8271,109309,1
32902878,38674189,8168,109604,1
33385324,39379284,8645,110386,1
33167039,39204264,7920,9648,1
33179536,39206200,8134,9681,1
33281795,39335964,8216,9657,1
33197690,38885712,7882,209601,1
33013538,38905921,8509,9733,1
33196824,39212985,8271,9530,1
33047283,38950221,8488,9792,1
32878388,38676817,8284,9573,1
33176943,39216640,8497,9784,1
33054503,38625556,8018,209793,1
33149732,39201435,7588,9437,1
29838798,37126544,8821,10513,1
33052865,39079652,8374,9833,1
30665154,37481385,8637,109808,1
33051675,39172127,13234,109624,1
33185396,39268495,8408,10330,1
33203675,39361720,9068,9430,1
33180228,39271730,8359,9697,1
32815781,38689915,8169,9672,1
33106613,39082197,15506,210079,1
32893460,38808000,8550,9915,1
33590519,39367501,8618,125070,1
33002934,38979590,8474,10004,1
32918181,38821724,8702,9952,1
32853588,38695420,8935,10330,1
34923256,38974688,8095,209865,1
33215762,39385198,8224,9919,1
33022785,39007804,8614,110469,1
33144106,39040145,16234,210586,1
33140124,39362054,8031,109622,1
33226642,39324980,8939,10470,1
34983539,39139054,8321,209794,1
33103371,39222224,8326,9405,1
33129857,39163371,8593,10249,1
32910948,38777606,8782,11497,1
33142466,39304761,8652,110300,1
34907662,39138657,8524,109828,1
33022379,39013382,8493,10305,1
32996861,39021929,7705,9630,1
57045734,75548771,9205,189524,1
33260097,39164408,8253,210126,1
33214759,39303397,8312,109720,1
32968505,38678646,8992,311001,1
33189039,39275158,8656,10174,1
34950549,39324125,8478,109795,1
32776996,38661666,8117,9499,1
33051753,39091706,8246,9708,1
34912356,38970078,9209,110446,1
33157378,39283299,7944,9412,1
33135021,39209383,8553,10117,1
32921709,38689317,12819,110722,1
32895368,38851766,8131,9752,1
33065405,39064467,8467,10307,1
32832746,38710596,8236,10046,1
33107357,39231091,8289,9335,1
33106380,39188213,8537,9765,1
34850624,38790376,9262,110406,1
33081620,39123174,8097,10137,1
33108492,39065577,8830,109876,1
35168633,38675031,8419,235077,1
35093093,38670780,8675,133815,1
33112880,39248549,7908,9763,1
32953683,38955393,8474,9628,1
33240129,39336772,8711,75677,1
33104754,39253893,8415,110025,1
52763591,69164583,9128,154725,1
57331610,75906570,10149,194664,1
56664840,75053074,9309,186189,1
33005714,39054723,8286,109923,1
57940436,76406236,9607,399565,1
33030321,39108217,8278,9240,1
57413738,76034336,9181,194471,1
34847691,38703313,8815,110620,1
32820152,38626884,8750,9613,1
33106602,39124499,8084,9677,1
33169716,39171187,8025,10221,1
33207309,39258712,8668,10055,1
33026997,39012310,7992,9271,1
56173499,74211540,8968,182634,1
32943290,38778444,9186,110705,1
33295168,38641167,8500,35223,1
33043153,38957526,8527,10073,1
33247343,39286254,8926,10417,1
34773948,38683365,8514,109617,1
33080663,39141329,9231,109894,1
32901153,38722909,12766,109900,1
33113341,39040643,9287,9991,1
33078905,38945819,9300,10676,1
33172649,39215496,8352,109630,1
32959432,38911628,8447,125105,1
57275099,75815466,9619,191891,1
33233387,39319954,8534,9661,1
33178531,39232451,8529,10058,1
32933951,38881977,8285,109452,1
33236738,39308960,8329,10189,1
33014093,38983584,8340,48212,1
33252194,39294951,8878,10278,1
32889744,38690688,8920,10508,1
32782821,38642431,8510,109470,1
52137432,68124677,15832,148805,1
35014958,39372995,8381,110346,1
35352198,39395029,14834,126436,1
32842936,38700784,8130,9936,1
32876990,38772377,7753,9408,1
32806457,38667148,8348,109632,1
33248849,39332179,8424,9923,1
33765212,39505570,12719,211663,1
33648158,39269279,12197,11334,1
32867101,38632369,8668,17847,1
33223302,39233424,8772,10354,1
54175250,71232275,9180,164427,1
35161511,39181810,15435,209928,1
33009945,38948772,8377,9541,1
32962759,38829018,8422,102442,1
33158136,39237895,7914,9517,1
35266145,38970953,8409,226482,1
35040882,39270389,9283,110505,1
33099188,39139236,8444,9498,1
33178602,39351667,8391,109462,1
53993542,71110427,9378,165536,1
32913440,38828090,7577,9401,1
32813145,38691245,7907,9594,1
33127442,39152277,7913,9702,1
33259782,39328339,8469,10231,1
33348917,38869668,7511,32484,1
32989067,38950313,8307,9753,1
34043662,39202029,8478,104689,1
33181085,39191525,8980,10013,1
32903885,38794898,8394,9630,1
32992548,38851200,8916,10221,1
33145601,39128859,8376,10204,1
33030377,38887155,8855,10307,1
32890436,38779314,8029,9467,1
32904455,38775287,8389,9905,1
33010443,38924993,8042,10056,1
32938486,38844338,8196,9579,1
33171032,39315019,7418,9416,1
33120719,39192585,8374,10040,1
32876752,38836941,8575,9696,1
32889825,38777543,9359,10104,1
32765620,38748491,8369,109596,1
33243166,39368266,8827,10171,1
33171650,39304002,9187,9662,1
34979311,39394780,8601,109867,1
33207902,39350874,7914,109913,1
33290068,39413550,8875,10242,1
32905611,38863978,8392,9620,1
34809210,38748662,8954,109945,1
32945195,38785175,15117,210008,1
32825717,38727448,8560,9466,1
32851219,38732795,8232,9790,1
33121116,39224928,8161,109158,1
33018391,38913006,9117,88567,1
33201734,39335533,8797,9676,1
32891570,38805406,8714,9749,1
35001324,39176701,8763,210296,1
33226462,39316513,8615,10546,1
33078901,39126645,8843,9472,1
33206537,39348180,8468,209810,1
33122387,39166072,8231,10103,1
32994919,38964522,8920,69204,1
32880845,38827644,8638,109423,1
32835751,38690294,8133,9742,1
33130376,39289440,8159,9007,1
33218249,39387946,8193,9702,1
33019311,39053801,8398,9365,1
33020418,38973318,8383,10168,1
33171217,39305394,8105,9810,1
33179415,39292017,8694,9739,1
32798732,38722628,8631,109962,1
34771205,38748091,8664,109666,1
33114626,39175231,8443,10220,1
33052721,39081939,8431,9624,1
32975492,38965244,8541,9907,1
34868413,39089610,8280,109797,1
32986414,39045472,7834,9263,1
33267518,39271690,9404,10753,1
32959200,38977173,8680,9283,1
33010679,39035001,8104,9377,1
33046227,39184287,9074,210071,1
33012575,39029814,7987,9804,1
33129579,39190549,8241,9946,1
32813166,38638829,7819,209350,1
32933864,38844593,8954,109677,1
33038101,39005617,8859,10536,1
55732220,73277179,10071,280295,1
57325155,75982783,9009,246607,1
32918100,39075120,8042,209724,1
33348723,38971153,8710,27433,1
33072069,39095299,8483,110337,1
34983359,39079179,8310,209913,1
33119805,39236374,8387,9644,1
33156672,39321198,7934,9575,1
32823065,38798095,8503,210330,1
33118781,39184498,8266,109697,1
32959060,38877837,8375,10355,1
33024890,39102387,8094,9352,1
32923224,38752589,8945,110585,1
32994932,38953336,8368,9936,1
33084102,39075996,8966,110177,1
34964074,39283250,8854,110134,1
32934041,38882474,8323,9920,1
33027701,39047000,8349,9868,1
33026938,39089058,8599,9705,1
52440462,68414397,9601,352355,1
33158437,39281377,8320,9798,1
32965253,39029942,17408,109400,1
32963504,38939583,8309,110021,1
34822393,38728306,8135,209782,1
32897444,38796776,8301,9823,1
55917933,73807428,9456,179774,1
33537991,39381744,11926,50364,1
35118958,39297844,8583,210595,1
32904795,38806009,8022,9803,1
33124796,39176126,8503,10006,1
33092337,39092020,8482,9786,1
33103680,39193717,8566,9344,1
32956019,38871752,12699,109823,1
32959439,38980512,7753,8972,1
58582504,74531739,8965,385509,1
54029931,68905509,9441,257092,1
33151863,39186856,9061,39432,1
33076971,39100679,12150,109838,1
33204620,39380030,8243,9579,1
53435068,70239605,9759,160566,1
32997560,39004278,8162,9845,1
32882530,38828511,8529,110296,1
33009946,39064968,7817,9503,1
32992943,39081891,8194,109846,1
32954552,38923841,8322,9756,1
55638653,73537411,9050,278156,1
34965111,38701686,8295,310109,1
32937077,38891456,8436,10008,1
33171602,39308171,8427,9492,1
32977177,38881068,8845,110556,1
32994014,38968086,8634,9700,1
32870901,38820825,8133,9880,1
33225064,39346659,8659,10122,1
32850263,38739841,8230,10407,1
33171619,39175041,8737,10881,1
33013985,38993841,8711,10191,1
32815452,38662724,8558,10330,1
33062604,39105576,8481,9586,1
34981360,39065803,8380,209972,1
56855969,72053144,9074,369650,1
33142232,39236029,8202,9783,1
32962455,38767731,8885,111281,1
32951675,38926413,8014,9957,1
33031316,39146471,8220,110899,1
32837351,38678353,8910,10553,1
32994645,38967443,8445,11044,1
32786888,38693609,8350,9584,1
34721144,38633898,8221,209737,1
32835431,38764970,8192,9591,1
32973698,38833861,8637,210426,1
33198743,39336149,8671,9762,1
34726453,38668626,8542,109396,1
35219322,39253115,14656,309835,1
33088216,39005987,8470,10338,1
33031059,38999960,8605,110536,1
33101006,39024066,8353,211234,1
33047452,38985306,8820,10412,1
33203631,39338440,7848,9268,1
33096928,39090044,8469,9776,1
54369768,71567317,8687,166641,1
32966792,38940243,8679,109424,1
33126065,39190303,8025,9436,1
34941925,39089182,8671,110355,1
33121890,39080653,8922,10330,1
53261870,69910580,9145,159800,1
35118696,39166327,8274,210434,1
27995976,36312765,8210,9450,1
34753952,38646801,10076,109973,1
34885988,39004792,8358,109976,1
33076505,39027575,8553,9909,1
32820914,38672715,8619,9487,1
32816684,38728952,8344,109589,1
33234413,39327846,7918,109618,1
33103202,39192452,7884,9659,1
33255016,39348441,8895,13358,1
33034236,39051261,7846,9348,1
33120638,39159411,8424,9739,1
33078687,38988324,8997,10102,1
33196469,39202464,8238,70477,1
34935984,38885692,9336,132130,1
57063066,75373673,9618,291789,1
33254570,39288218,8979,10243,1
33192620,39294889,8173,9334,1
33097137,39182723,7904,9230,1
32857101,38709165,8446,10015,1
33091360,39132827,8180,9067,1
33144005,39248794,7875,9130,1
34951020,39284674,8022,109906,1
32895629,38812079,8001,9209,1
32956550,38839982,8609,9862,1
32751894,38614116,7974,9113,1
32802809,38672046,8123,9598,1
32972021,38917846,8215,9773,1
33040277,39076768,7852,9634,1
33700880,39386027,9501,29426,1
33063572,39033175,8257,9680,1
33255693,39364530,8578,9632,1
32994265,38948548,8502,9913,1
32820159,38781925,8420,109091,1
33077192,39087112,8526,9693,1
32951108,38911396,7994,9779,1
32991280,38976865,8459,110156,1
32931254,38810694,8521,10067,1
32867754,38802250,12954,8967,1
32953386,38870157,8362,9867,1
32876667,38682970,9137,43815,1
32857172,38672806,8156,10171,1
32899762,38706980,8615,10485,1
33027229,39019656,7949,9614,1
29979825,36445768,8530,109865,1
32871438,38684486,8214,10158,1
34859279,38675955,9092,208361,1
32977920,38777169,12582,110108,1
33209392,39261901,8628,10421,1
32867028,38707594,8204,10044,1
33299719,39141356,9089,11099,1
33127127,39122964,8245,10086,1
33147848,39226964,8023,110025,1
52186374,68236925,9324,152137,1
32873345,38794790,8192,9873,1
33104960,39240382,8447,109849,1
32998358,38843512,8659,110774,1
33185222,39322937,8201,9872,1
33023200,39067430,8995,32502,1
33121136,39219512,8398,9647,1
33130019,39109270,9124,10571,1
33028296,39162643,8219,109618,1
33101894,39159752,8239,109713,1
32788517,38645552,8463,9890,1
33029420,38949006,8848,209901,1
33147166,39146561,13841,110250,1
33052352,39118767,8288,9302,1
32820834,38681770,8347,10123,1
33182126,39319401,8498,9477,1
32975721,39003848,8369,9285,1
54580732,69677330,8818,257038,1
33045107,39038078,8993,10303,1
33175937,39347727,7944,9804,1
32796054,38666320,8576,9808,1
33003161,38974311,8526,9863,1
33165157,39277373,8196,109599,1
33043971,39048153,8756,11957,1
32902415,38921593,7480,9616,1
32949661,38924270,8754,109861,1
32828869,38695312,8849,10409,1
34862039,38970603,8677,110286,1
32976583,38895459,8807,10049,1
33237614,39365085,8362,9978,1
33088557,39190839,7996,9611,1
33056766,39022538,8337,109961,1
33044624,39178146,8440,110093,1
33486800,39247150,8602,226600,1
33318263,39370884,9304,11817,1
32981949,39048582,8629,109791,1
32945149,38884672,8729,9811,1
33199082,39299967,8589,10117,1
34975508,39289478,12106,110435,1
33093212,39227762,8134,9318,1
32945779,38900350,8578,84385,1
33006545,39028965,8552,9484,1
32843807,38743060,8199,9293,1
32916251,38851473,8665,18560,1
57653850,76330527,9071,298091,1
32941337,38999976,8795,109378,1
32923635,38902943,8600,9404,1
33134384,39196629,8690,309278,1
32920542,38906052,8333,109455,1
35183327,39165737,8196,130614,1
33256398,39346885,8889,9854,1
57278477,76102377,9291,191023,1
32873492,38763571,8420,9978,1
33282701,38944710,8689,127265,1
33068907,39076629,8604,9856,1
32914269,38922023,8014,9527,1
33152164,39347008,8366,109891,1
32967732,38951921,8420,9638,1
32893322,38866565,7951,9688,1
32774168,38665474,8003,9727,1
56055083,74079683,9084,283027,1
33318498,39321069,9563,88043,1
32935802,38868415,8840,9876,1
53044280,69427833,9943,158893,1
32931965,38931698,7925,109755,1
33056966,39031201,9067,10395,1
32925350,38896281,8400,9666,1
32874983,38811614,8393,9883,1
53412656,70131323,8706,260280,1
32863100,38747441,8725,11068,1
33181832,39292074,8451,10050,1
33126142,39156285,8200,309831,1
33240560,39278567,9674,11215,1
32927284,38911377,8180,9516,1
33199344,39300916,8602,10507,1
32920550,38945268,8169,109743,1
33112410,39126944,8736,10267,1
33014888,39167325,7973,109804,1
33035907,39109147,8867,9454,1
33202208,39342724,8429,9824,1
33103658,39205575,8472,9433,1
33110991,39148312,8713,9849,1
56657306,74973725,9130,188920,1
33167921,39317158,8190,9628,1
56362053,72365200,9108,271470,1
32833861,38697479,9821,9867,1
32940624,38896579,8427,9978,1
56233525,74421527,9279,180880,1
35007357,39187843,7966,209514,1
32873965,38769958,8380,10093,1
33000559,38995097,8519,110484,1
33123829,39198443,7900,109763,1
33213702,39349708,8871,9742,1
33020387,39129739,8408,109975,1
32947319,38953566,8283,9529,1
33099605,39261948,8232,109912,1
32994842,38923779,8249,210167,1
33095695,39162888,8465,9347,1
33244563,39379597,8609,9686,1
57311469,75631481,9283,390220,1
33113406,39148095,7949,109800,1
32951968,38929998,8338,9423,1
32854021,38786401,8788,9795,1
32851815,38793592,7856,9822,1
32999432,39136365,15099,109577,1
33019291,39058173,8501,110140,1
33204338,39370060,8692,9518,1
33121238,39191942,8508,9722,1
33126564,39242372,8487,9856,1
33026735,39079068,9117,110135,1
33091443,39126015,8734,9706,1
33091834,39141179,8205,109783,1
32920756,38928620,8271,109483,1
33238768,39354012,8823,10396,1
33023408,39027632,8444,9819,1
34803811,38853836,8410,109627,1
32892924,38808644,8407,9980,1
33087680,39080078,9004,209503,1
33109619,39133705,8751,9689,1
56520608,72461169,9869,274183,1
35119219,39280971,8787,210003,1
33190461,39267154,8116,9820,1
32952218,38996362,7747,8942,1
32937770,38894101,7910,9636,1
32933934,38876174,8030,9189,1
33270612,38865218,8063,26493,1
33060910,39086116,7759,9534,1
32871882,38833850,7689,8901,1
33136975,39203638,7962,9853,1
33168032,39236799,8253,10019,1
32880509,38732095,8571,9696,1
33183854,39292047,8141,9392,1
33132141,39225309,8837,9417,1
28832830,36649510,7555,9639,1
33020595,38989345,8355,110153,1
32953932,38847915,8394,9952,1
33257822,39287845,8934,10048,1
33139935,39217079,7789,9459,1
32774246,38615059,7929,9529,1
33443661,39192303,8753,25307,1
32792375,38722594,8269,109111,1
33273189,39356414,8534,10356,1
57617234,76381793,9085,292722,1
33100793,39152223,8099,27095,1
33238517,39363742,8191,9322,1
32913980,38832865,8126,9691,1
32833484,38669058,8178,9331,1
33186166,39251445,8489,10111,1
33249786,39307224,8108,9782,1
33220791,39325417,8164,9446,1
33212286,39330061,7898,9350,1
32893053,38804397,8207,9323,1
32935620,38896105,7943,9467,1
32873312,38674916,8759,109644,1
32924480,38904172,7754,9584,1
33107065,39045513,8937,10550,1
35106793,39208973,8607,210437,1
32860447,38739164,8272,9586,1
32896284,38717622,8683,10253,1
56819115,75206108,9313,188103,1
33243321,39348170,8556,9824,1
33059745,39088301,8051,9354,1
32890702,38682477,8473,110069,1
34269012,38776523,8061,83905,1
32947140,38896224,8906,9831,1
32825222,38696375,8071,109721,1
57597003,73141137,9206,374237,1
33077659,38779167,8313,209539,1
33114933,39155530,8058,9699,1
32875603,38742298,8435,9721,1
33153839,39133933,8673,9170,1
33717254,39479979,13510,111492,1
32923986,38679605,9061,110579,1
34875621,38929287,8323,109621,1
33283731,39321878,8647,10732,1
33210986,39362715,8101,9355,1
32896083,38761393,8217,10139,1
35001149,38956312,16003,210070,1
32968905,38872719,8858,9828,1
57390040,76080705,8848,190377,1
33030445,39041726,8490,109600,1
34943264,39137035,8024,110172,1
33176243,39125073,13897,210031,1
33566569,39283545,8686,26708,1
34883406,39016825,8278,109932,1
33033467,39056240,9115,109658,1
33221246,39338328,8092,9663,1
33155656,39266946,8557,110233,1
33063431,39004109,8177,9842,1
33143837,39240130,8111,9244,1
35162719,39319559,8620,210312,1
33210062,39258089,8584,9989,1
33247517,39244539,9365,10399,1
32933612,38800969,9481,110030,1
33165236,39195062,8576,10167,1
33128992,39116418,8378,10118,1
35100779,39273889,8361,209898,1
32849878,38670839,8661,10026,1
33120590,39184181,7932,9784,1
57438494,76211146,8873,190914,1
33213809,39235891,8499,109657,1
33252593,39365547,8296,9938,1
33111032,39147831,8127,9852,1
33120686,39155925,9025,110364,1
33398400,39108796,8019,26413,1
33286206,39382006,8700,83954,1
33233483,39375261,8557,9671,1
32941131,38878356,8301,9690,1
28445331,36527630,8246,9708,1
34799447,38712903,8804,109801,1
33247655,39347213,8149,10121,1
52262176,68132511,8683,255686,1
33245117,39295504,8658,9983,1
56546574,74697383,9225,288048,1
34937970,39182596,8223,117585,1
34834825,38782517,8605,109839,1
33030645,38980136,8595,10086,1
33021095,38991409,8072,9514,1
33187728,39269924,8183,9670,1
33192566,39242372,8493,109285,1
32845658,38660440,8492,10143,1
33230420,39353861,8308,9692,1
33160508,39204060,8234,9651,1
32911416,38786486,7987,109844,1
33229982,39356469,8365,9807,1
55176117,72707231,8668,273898,1
33096515,39122579,8323,9412,1
33234906,39379351,8073,9646,1
54697956,72096759,8825,168800,1
32857434,38713744,8298,9512,1
33043793,39034326,8376,9545,1
34148306,39073658,10827,69138,1
32961241,38945714,7707,9614,1
33000457,38921857,8512,9988,1
33088469,39149554,8221,9253,1
32926844,38869645,8131,9190,1
33421298,39157023,8164,26328,1
32959743,38942641,8212,109634,1
32995608,38901537,8898,9749,1
33628895,39325014,8274,29795,1
35047855,39292453,8591,210186,1
34887145,38981779,8517,109152,1
33025856,38984513,8542,9762,1
32932940,39022426,8066,209678,1
33052820,38978153,8366,94827,1
32913529,38813691,8195,9939,1
33095684,39129736,8275,9443,1
33060061,39082496,8202,9979,1
54105713,71127384,9196,164727,1
32867384,38752997,8023,9617,1
33201207,39324392,7925,9783,1
32914649,38872160,12937,109630,1
33175527,38684198,8700,25063,1
34986536,39327347,8652,109717,1
34795678,38716588,7908,111228,1
33341533,39304549,8688,111867,1
33020710,38891729,8958,10590,1
32874023,38820795,7809,9692,1
33254178,39336919,8998,10234,1
32979355,38851059,29310,9991,1
32733947,38627677,7968,109743,1
56230284,74328050,8943,183089,1
33084620,39126303,7732,9977,1
34987820,39040831,8504,209792,1
33097520,38953191,10016,11173,1
33163070,39222812,8613,209376,1
33206512,39207360,8427,10296,1
35089437,39253478,8856,209953,1
33258190,39264856,8522,10555,1
33231230,39304043,8828,10213,1
32899406,38734700,8058,110069,1
34847407,38992681,8323,109244,1
57390886,75858705,10039,193199,1
33073108,39134180,8692,110008,1
33073943,39092231,8502,9615,1
32938729,38849535,7956,9626,1
32783738,38729132,8166,209638,1
29064737,36795289,7966,9846,1
33265900,39360502,8722,10125,1
33148086,38891000,8223,210176,1
33138681,39234599,8061,9390,1
32953787,39049465,8052,109097,1
35073374,39357300,8407,109749,1
55430033,73030708,9842,177143,1
33216620,39260429,8137,109811,1
52734596,69045755,8983,154702,1
33008568,39057609,7424,9542,1
33302460,39349005,8669,210124,1
33061166,39051067,8081,9576,1
53695478,70334861,9431,260934,1
32830610,38649273,8225,9606,1
34907661,38955621,9252,110003,1
34607708,39327680,8885,166320,1
32803873,38659473,8437,9194,1
33127016,39154362,13651,78555,1
33211896,39270901,8579,10159,1
32942694,38871649,8137,9457,1
33140235,39163687,8894,9892,1
33271930,39326798,8856,10163,1
32953037,38873665,8842,110138,1
33217541,39324391,8373,109355,1
32862483,38724358,8080,9896,1
33339828,38787742,7909,34004,1
33145263,39145230,8433,13367,1
32932655,38828050,8788,110204,1
32915288,38829445,7819,9594,1
33136890,39153591,8169,9936,1
33381943,38780889,8481,133843,1
32986242,38807442,8263,209979,1
32893413,38696808,8595,10146,1
33415492,38852779,9295,33916,1
33148913,39235822,7639,9791,1
32900069,38848943,7856,9204,1
52451053,68140360,10167,285906,1
32975345,38923350,8071,12604,1
32938189,38838822,8163,9447,1
33228459,39333407,8334,9738,1
33006368,38972909,7759,9796,1
33037580,38967904,8343,10168,1
33345470,38959047,8269,26930,1
32975020,38937158,8366,9749,1
32956778,38758146,8571,11222,1
34830797,38817424,8459,110027,1
33051815,38981007,8204,109818,1
33089924,38996651,8519,110208,1
33221039,39354075,8336,9729,1
32902617,38842835,8306,109587,1
33075042,39100607,7999,9597,1
32913225,38764534,8610,10179,1
33052017,39084187,8517,9332,1
35003157,39354656,8689,110181,1
32956221,38910347,8184,9516,1
33108611,39094871,8143,9809,1
33144166,39226927,8447,9939,1
33021094,39030101,7819,9802,1
33306202,39216255,8747,210420,1
32828604,38696992,7964,9478,1
32834335,38650409,8346,9642,1
34892192,38686592,8322,210098,1
33168438,39157442,8657,10631,1
33116578,39148207,8194,9803,1
32846732,38772247,8257,9585,1
32987146,38929230,8152,9711,1
32913431,38800763,8390,9643,1
33242013,39251880,8790,110105,1
33018030,39013378,8563,9856,1
33093489,39202046,7574,9114,1
33229532,39211834,9244,10674,1
32971367,38860033,9423,9750,1
33286571,37852450,8215,109895,1
32821695,38686906,8622,9334,1
32930466,38691683,8182,209923,1
32927685,38812844,8371,9998,1
32926128,38871614,8131,9333,1
32804574,38644419,8068,9506,1
33265122,39367145,8080,9549,1
52847646,69106883,9064,158020,1
32973323,38895356,8576,9579,1
32985141,38924093,8709,9818,1
35285758,39337406,8244,129544,1
32834998,38731235,7713,9399,1
32933936,38790783,9221,9638,1
34832999,38785036,8500,109721,1
33051584,39059070,13738,9595,1
32831954,38697553,8242,9359,1
33029736,38989605,8179,10161,1
33052721,39008909,8231,10084,1
33179051,39250082,8385,9971,1
34859378,38948447,8648,109689,1
32829473,38681297,8105,9396,1
32982722,38979327,7524,9601,1
33145738,39211317,8384,9282,1
33252408,39327119,8198,9918,1
33166796,39225227,8117,10608,1
32977008,38925608,8157,9759,1
33047300,39026013,20788,9395,1
33069749,39081846,7967,9306,1
32783963,38704360,8066,109285,1
32910143,38761500,8637,9953,1
33226577,39321571,7914,9452,1
33164070,39166715,9249,9517,1
33141075,39159242,8238,9944,1
32928224,38803950,8629,109663,1
32902196,38707169,8511,109854,1
32810203,38646233,8048,10053,1
32972808,38880445,8719,10147,1
33083878,39016069,8341,10068,1
32862176,38713897,8151,9782,1
32943912,38885249,8243,9345,1
34947767,38907251,8768,210255,1
33245531,39302821,8698,10408,1
33108547,39121455,8173,9681,1
33138826,39108297,9023,10459,1
34832579,38664915,8261,209710,1
33097637,39242744,8390,109332,1
35151041,39380325,9332,310515,1
32983186,38915522,8005,9848,1
32897958,38728576,8666,10033,1
33190940,39094909,8082,9531,1
33285945,38840504,13178,15706,1
33014370,38996248,8255,9554,1
33598701,39316531,9440,130204,1
33158691,38819328,9045,210291,1
54153757,71041012,10575,167314,1
33119881,39076735,8379,110048,1
33197037,39250206,7921,109860,1
35162971,39360305,9234,211430,1
34819480,38727563,9070,110295,1
32963156,38805582,8361,10211,1
33027138,38948145,8485,10030,1
33260682,39269521,8907,10451,1
33093347,39126347,7920,9250,1
33070366,38726434,15419,310600,1
33042714,38981291,8483,10078,1
33080093,39009873,8568,9586,1
33218971,39343672,8157,9740,1
32799606,38641886,8224,109054,1
27948113,36285487,7936,9425,1
32897722,38742480,8280,10001,1
34901186,39023918,8198,109841,1
34967318,39349587,7856,109341,1
33086500,39050706,9085,10221,1
33053304,39157437,8156,109699,1
32978927,38925513,8599,9621,1
32965080,38773216,8686,9569,1
33213911,39325674,8111,9479,1
33386688,38892540,8094,33384,1
33186161,39201564,8550,10583,1
33073179,39148792,8165,9121,1
32961359,38947746,8026,9494,1
33186130,39269675,8891,9812,1
32926076,38787271,8465,10406,1
33026880,39083608,8759,109495,1
35147467,38874832,8869,126552,1
33265945,39317619,8843,210201,1
33059025,39011820,8796,10103,1
33103172,39148342,8123,9678,1
56562588,74830955,10496,211465,1
32824866,38680713,8008,9971,1
32868499,38664991,8640,10128,1
33068967,39202867,8311,109705,1
33157248,39217829,8199,9710,1
32971424,38955282,7896,9315,1
32974732,38898896,8328,110468,1
32992907,38957296,8441,9374,1
33095031,39136783,7935,9605,1
32859335,38683167,8609,9886,1
34981646,38985255,8620,209982,1
52927776,69306791,9206,155689,1
32928719,38824250,8384,9445,1
32969376,38834011,8920,10408,1
32976185,38959052,7939,9124,1
32955137,38883768,8217,9014,1
33214072,39364168,8449,110278,1
32965208,39017348,8272,109403,1
55009236,72425248,8660,269382,1
33240392,39397542,16014,110219,1
33083349,39214182,8129,109361,1
33275576,39282438,8868,10901,1
32819130,38723341,8068,9663,1
32990987,38933401,8116,10938,1
32920295,38873653,7941,9580,1
33121315,39195739,7802,9640,1
32840957,38720725,7651,9891,1
32891054,38882987,8157,109257,1
